trial,complexity,formation,numBusts,activeSlots,numCards,estCombos,capped,totalNodes,bestScore,maxRating,rcMode,rcUsed,ubRating,rcVsUb,ms,finalFoundAt,numImprovements,preset
0,scaled,4-5-1,2,9,14,7776,False,1553,137,92,auto,92,92,exact,10.699999999953434,10,1,1
1,scaled,4-1-2-1-2 (2),1,10,16,92160,False,17138,140,91,auto,91,91,exact,56.5,115,2,1
2,scaled,4-3-1-2,1,10,13,15552,False,1028,139,92,auto,92,92,exact,2.800000000046566,95,3,1
3,scaled,4-2-4,2,9,12,1512,False,326,129,89,auto,89,89,exact,0.8000000000465661,10,1,1
4,scaled,4-1-4-1,2,9,12,1728,False,300,133,89,auto,89,89,exact,1,10,1,1
5,scaled,3-4-1-2,2,9,13,28800,False,3254,137,91,auto,91,91,exact,9.600000000093132,1338,3,1
6,scaled,4-3-3 (3),1,10,16,27648,False,6505,139,88,auto,88,88,exact,17.100000000093132,679,3,1
7,scaled,4-1-3-2,2,9,15,54000,False,8505,134,93,auto,93,93,exact,27.800000000046566,239,2,1
8,scaled,4-2-4,2,9,13,3200,False,255,134,90,auto,90,90,exact,0.5,16,2,1
9,scaled,4-2-4,2,9,13,7200,False,999,133,90,auto,90,90,exact,5.7000000001862645,189,2,1
10,scaled,4-1-4-1,1,10,15,34560,False,3618,144,93,auto,93,93,exact,11.300000000046566,730,4,1
11,scaled,4-2-2-2,0,11,14,82944,False,2139,145,92,auto,92,92,exact,6.699999999953434,85,4,1
12,scaled,5-2-1-2,2,9,16,122880,False,23141,139,93,auto,93,93,exact,57.5999999998603,15286,3,1
13,scaled,4-3-3 (3),1,10,15,20250,False,1673,138,93,auto,93,93,exact,3.5999999998603016,17,2,1
14,scaled,4-4-1-1 (2),2,9,11,864,False,104,136,93,auto,93,93,exact,0.30000000004656613,10,1,1
15,scaled,4-3-3 (4),1,10,16,40500,False,7656,143,92,auto,92,92,exact,15.800000000046566,3998,2,1
16,scaled,3-4-1-2,2,9,12,34992,False,3151,134,91,auto,91,91,exact,8.300000000046566,10,1,1
17,scaled,4-3-1-2,2,9,14,84672,False,8713,136,95,auto,95,95,exact,29.699999999953434,890,3,1
18,scaled,5-2-1-2,2,9,14,7776,False,2937,135,90,auto,90,90,exact,7.800000000046566,54,4,1
19,scaled,4-5-1 (2),1,10,15,72000,False,8759,144,95,auto,95,95,exact,27,177,4,1
20,scaled,4-4-1-1 (2),0,11,13,58320,False,605,145,94,auto,94,94,exact,1.1999999999534339,55,2,1
21,scaled,4-2-3-1 (2),0,11,16,77760,False,6792,147,94,auto,94,94,exact,17.399999999906868,2814,5,1
22,scaled,4-2-3-1 (2),2,9,13,5376,False,634,136,90,auto,90,90,exact,1.5999999998603016,10,1,1
23,scaled,4-2-4,2,9,13,7200,False,783,137,94,auto,94,94,exact,1.5,10,1,1
24,scaled,4-5-1,1,10,13,12000,False,744,142,92,auto,92,92,exact,2.6000000000931323,11,1,1
25,scaled,4-3-3 (3),2,9,13,864,False,345,134,89,auto,89,89,exact,1.3999999999068677,214,2,1
26,scaled,5-4-1,2,9,14,21600,False,3536,135,91,auto,91,91,exact,6.899999999906868,214,3,1
27,scaled,4-4-1-1 (2),2,9,14,24576,False,2246,140,95,auto,95,95,exact,6,187,2,1
28,scaled,4-1-4-1,1,10,12,31104,False,1741,135,88,auto,88,88,exact,6.2999999998137355,11,1,1
29,scaled,3-4-2-1,2,9,13,36864,False,5228,136,94,auto,94,94,exact,8.399999999906868,2718,3,1
30,scaled,4-1-3-2,2,9,14,13824,False,2227,136,91,auto,91,91,exact,6.400000000139698,10,1,1
31,scaled,3-4-2-1,2,9,13,55296,False,6519,140,94,auto,94,94,exact,15.099999999860302,862,3,1
32,scaled,4-3-1-2,2,9,11,8100,False,320,133,88,auto,88,88,exact,0.30000000004656613,113,3,1
33,scaled,4-3-3,2,9,13,648,False,145,135,90,auto,90,90,exact,0.4000000001396984,91,3,1
34,scaled,4-3-3 (2),1,10,14,67500,False,5239,143,92,auto,92,92,exact,15.099999999860302,12,2,1
35,scaled,4-4-2 (2),1,10,14,18225,False,2169,140,93,auto,93,93,exact,2.699999999953434,484,4,1
36,scaled,5-2-1-2,2,9,13,45000,False,5174,134,92,auto,92,92,exact,5.899999999906868,124,5,1
37,scaled,3-4-1-2,2,9,15,60000,False,10449,138,94,auto,94,94,exact,21.300000000046566,6742,3,1
38,scaled,4-2-3-1 (2),0,11,13,8640,False,215,145,93,auto,93,93,exact,0.30000000004656613,12,1,1
39,scaled,4-1-3-2,2,9,12,864,False,154,132,90,auto,90,90,exact,0.5,49,3,1
40,scaled,4-5-1 (2),0,11,16,196608,False,5912,148,92,auto,92,92,exact,7.100000000093132,579,2,1
41,scaled,4-2-3-1,2,9,13,18000,False,3378,138,94,auto,94,94,exact,5.5,10,1,1
42,scaled,5-3-2,2,9,13,37500,False,2932,134,92,auto,92,92,exact,3.0999999998603016,1516,3,1
43,scaled,4-3-3,1,10,14,27648,False,2457,138,90,auto,90,90,exact,2.6000000000931323,652,2,1
44,scaled,4-1-2-1-2 (2),2,9,15,17280,False,4788,134,91,auto,91,91,exact,6.2000000001862645,320,2,1
45,scaled,4-3-3 (4),0,11,15,10368,False,832,146,91,auto,91,91,exact,1.1000000000931323,34,2,1
46,scaled,4-4-2 (2),2,9,12,20736,False,1988,135,90,auto,90,90,exact,2.5,10,1,1
47,scaled,4-2-3-1 (2),1,10,17,64000,False,9580,145,95,auto,95,95,exact,13.399999999906868,2123,2,1
48,scaled,3-1-4-2,2,9,14,27648,False,7039,133,89,auto,89,89,exact,8,10,1,1
49,scaled,4-4-2 (2),2,9,13,28800,False,3992,136,92,auto,92,92,exact,4.800000000046566,29,2,1
0,scaled,5-4-1,2,9,17,368640,False,89193,137,93,auto,93,93,exact,122.9000000001397,1002,2,2
1,scaled,3-4-1-2,2,9,15,51200,False,9647,136,92,auto,92,92,exact,10.600000000093132,2279,3,2
2,scaled,4-1-2-1-2,3,8,17,24300,False,8112,134,94,auto,94,94,exact,10.300000000046566,223,3,2
3,scaled,4-4-1-1 (2),2,9,13,3456,False,231,134,89,auto,89,89,exact,0.19999999995343387,46,2,2
4,scaled,5-3-2,3,8,13,6912,False,1392,133,95,auto,95,95,exact,2.5,9,1,2
5,scaled,4-5-1,3,8,15,57600,False,14701,129,91,auto,91,91,exact,24.9000000001397,9,1,2
6,scaled,4-3-3,3,8,17,4608,False,2031,131,93,auto,93,93,exact,3,225,2,2
7,scaled,4-3-3 (4),3,8,15,8748,False,3166,129,91,auto,91,91,exact,5.099999999860302,35,2,2
8,scaled,4-4-2,3,8,14,18000,False,5483,133,93,auto,93,93,exact,11.399999999906868,25,3,2
9,scaled,4-3-3,2,9,19,184320,False,69767,141,96,auto,96,96,exact,105.39999999990687,17846,4,2
10,scaled,4-4-1-1 (2),2,9,15,41472,False,7999,136,94,auto,94,94,exact,11.199999999953434,10,1,2
11,scaled,4-2-2-2,2,9,16,8640,False,1658,140,95,auto,95,95,exact,2,20,2,2
12,scaled,4-2-3-1,3,8,14,27000,False,5957,130,92,auto,92,92,exact,12.900000000139698,14,2,2
13,scaled,4-4-2,3,8,16,14400,False,4825,131,91,auto,91,91,exact,9.899999999906868,1068,3,2
14,scaled,3-4-2-1,3,8,16,98784,False,28338,131,93,auto,93,93,exact,54.5,10,2,2
15,scaled,4-3-3 (3),1,10,19,161280,False,43366,140,92,auto,92,92,exact,58.800000000046566,2418,5,2
16,scaled,3-4-3,3,8,15,6144,False,2974,131,90,auto,90,90,exact,6.300000000046566,885,4,2
17,scaled,4-5-1,1,10,14,34560,False,2525,141,91,auto,91,91,exact,3.699999999953434,950,3,2
18,scaled,4-4-2,1,10,16,14400,False,4154,141,93,auto,93,93,exact,6.899999999906868,2355,3,2
19,scaled,4-3-3,2,9,19,40320,False,14849,136,93,auto,93,93,exact,26.4000000001397,2406,4,2
20,scaled,4-1-3-2,3,8,14,4000,False,1597,133,92,auto,92,92,exact,6.2000000001862645,12,2,2
21,scaled,4-1-4-1,3,8,16,25920,False,7795,133,92,auto,92,92,exact,19.300000000046566,65,5,2
22,scaled,4-2-3-1 (2),2,9,14,41472,False,6630,135,92,auto,92,92,exact,12.100000000093132,590,3,2
23,scaled,4-1-4-1,2,9,18,51840,False,7713,140,94,auto,94,94,exact,22.0999999998603,3879,5,2
24,scaled,4-2-4,1,10,15,72900,False,7323,142,94,auto,94,94,exact,18.800000000046566,3107,2,2
25,scaled,4-4-1-1 (2),3,8,15,5184,False,2655,137,96,auto,96,96,exact,7,14,3,2
26,scaled,4-1-2-1-2,3,8,14,1944,False,1001,132,93,auto,93,93,exact,2.9000000001396984,11,2,2
27,scaled,3-1-4-2,2,9,16,36864,False,7214,133,90,auto,90,90,exact,15.400000000139698,26,3,2
28,scaled,3-4-3,3,8,17,43200,False,16420,134,94,auto,94,94,exact,67.9000000001397,9,1,2
29,scaled,4-5-1 (2),3,8,15,24696,False,8917,132,94,auto,94,94,exact,23,9,1,2
30,scaled,4-3-1-2,3,8,17,112896,False,36844,130,93,auto,93,93,exact,180.60000000009313,9,1,2
31,scaled,4-3-3 (4),2,9,20,45360,False,17546,138,94,auto,94,94,exact,34.5999999998603,11,2,2
32,scaled,4-2-3-1 (2),3,8,19,16200,False,8475,133,94,auto,94,94,exact,13.5,537,3,2
33,scaled,5-2-1-2,1,10,16,91125,False,12542,141,92,auto,92,92,exact,18.800000000046566,21,2,2
34,scaled,4-3-2-1,2,9,16,18000,False,3991,136,92,auto,92,92,exact,6,11,2,2
35,scaled,4-3-3,3,8,16,218700,False,69128,132,93,auto,93,93,exact,109.19999999995343,9,1,2
36,scaled,4-4-1-1 (2),3,8,17,4800,False,2292,133,93,auto,93,93,exact,3.6000000000931323,91,2,2
37,scaled,4-1-2-1-2,2,9,18,115200,False,42831,138,93,auto,93,93,exact,89.70000000018626,12,2,2
38,scaled,3-4-3,2,9,19,362880,False,102449,140,93,auto,93,93,exact,154.30000000004657,826,3,2
39,scaled,4-3-2-1,3,8,15,396900,False,78499,131,91,auto,91,91,exact,139.9000000001397,12155,2,2
40,scaled,4-3-1-2,2,9,17,28800,False,11406,137,94,auto,94,94,exact,14.800000000046566,97,3,2
41,scaled,4-4-1-1 (2),2,9,19,186624,False,73931,138,93,auto,93,93,exact,280,304,5,2
42,scaled,4-5-1 (2),3,8,12,5760,False,1024,131,93,auto,93,93,exact,1.7999999998137355,451,3,2
43,scaled,5-2-1-2,2,9,18,110592,False,31953,138,95,auto,95,95,exact,42.5,4902,4,2
44,scaled,4-2-3-1 (2),2,9,14,331776,False,19287,136,92,auto,92,92,exact,25.399999999906868,11139,2,2
45,scaled,4-1-2-1-2 (2),2,9,16,46656,False,6044,137,91,auto,91,91,exact,8.5,10,1,2
46,scaled,4-2-2-2,3,8,14,5184,False,1385,129,91,auto,91,91,exact,3.300000000046566,14,2,2
47,scaled,3-4-1-2,3,8,15,46656,False,17818,133,93,auto,93,93,exact,27.5,9,1,2
48,scaled,4-3-3 (4),2,9,20,64800,False,24417,138,93,auto,93,93,exact,40.5999999998603,297,2,2
49,scaled,4-3-3 (3),2,9,17,115200,False,21468,138,94,auto,94,94,exact,29,16672,3,2
0,scaled,4-1-3-2,0,11,17,92160,False,6134,144,91,auto,91,91,exact,7.300000000046566,48,3,3
1,scaled,4-3-1-2,0,11,14,46656,False,500,147,91,auto,91,91,exact,0.39999999990686774,274,3,3
2,scaled,4-1-3-2,0,11,14,34992,False,2216,143,92,auto,92,92,exact,1.6999999999534339,28,2,3
3,scaled,4-5-1 (2),1,10,13,43200,False,3237,142,94,auto,94,94,exact,4.399999999906868,12,2,3
4,scaled,4-2-3-1 (2),1,10,13,8192,False,1070,143,93,auto,93,93,exact,1.1999999999534339,391,2,3
5,scaled,4-3-2-1,1,10,15,36864,False,8041,140,92,auto,92,92,exact,11.300000000046566,5557,4,3
6,scaled,4-3-3 (2),1,10,15,16200,False,1212,143,93,auto,93,93,exact,2.800000000046566,635,3,3
7,scaled,4-2-4,0,11,16,145800,False,8731,146,94,auto,94,94,exact,10.599999999860302,2054,5,3
8,scaled,5-2-1-2,0,11,13,60750,False,2959,143,94,auto,94,94,exact,3,239,2,3
9,scaled,4-3-3 (2),0,11,17,129600,False,918,148,91,auto,91,91,exact,0.9000000001396984,509,2,3
10,scaled,4-2-3-1 (2),1,10,16,57600,False,10427,141,94,auto,94,94,exact,14.699999999953434,11,1,3
11,scaled,3-4-2-1,1,10,14,147456,False,15115,141,91,auto,91,91,exact,21.199999999953434,12,2,3
12,scaled,4-1-3-2,1,10,12,7776,False,536,137,89,auto,89,89,exact,0.5999999998603016,11,1,3
13,scaled,4-2-3-1,1,10,16,93312,False,10656,140,93,auto,93,93,exact,15.600000000093132,86,3,3
14,scaled,4-1-3-2,1,10,12,13824,False,868,140,88,auto,88,88,exact,0.8000000000465661,246,3,3
15,scaled,4-1-3-2,1,10,15,3456,False,1180,139,89,auto,89,89,exact,1.8000000000465661,13,2,3
16,scaled,4-4-2 (2),1,10,16,14580,False,3584,138,90,auto,90,90,exact,4.099999999860302,141,4,3
17,scaled,4-3-2-1,1,10,11,14400,False,325,142,92,auto,92,92,exact,0.39999999990686774,44,3,3
18,scaled,4-2-4,0,11,15,131072,False,5367,144,92,auto,92,92,exact,4.199999999953434,266,3,3
19,scaled,4-4-1-1 (2),1,10,15,55296,False,4791,140,90,auto,90,90,exact,5.899999999906868,144,3,3
20,scaled,4-3-3 (2),1,10,14,32400,False,2531,139,91,auto,91,91,exact,3.300000000046566,46,3,3
21,scaled,4-2-2-2,1,10,15,132300,False,10052,138,92,auto,92,92,exact,12.600000000093132,224,3,3
22,scaled,5-4-1,1,10,15,25000,False,3541,141,94,auto,94,94,exact,5.2000000001862645,1265,2,3
23,scaled,4-4-1-1 (2),1,10,14,49152,False,5544,145,94,auto,94,94,exact,6,1387,5,3
24,scaled,5-4-1,1,10,16,36864,False,4920,136,91,auto,91,91,exact,6.300000000046566,438,2,3
25,scaled,5-4-1,0,11,13,54000,False,1452,139,90,auto,90,90,exact,1.6000000000931323,111,2,3
26,scaled,3-1-4-2,1,10,14,108000,False,8097,139,91,auto,91,91,exact,10.800000000046566,3255,3,3
27,scaled,4-3-3 (3),1,10,13,1536,False,250,139,88,auto,88,88,exact,1,33,3,3
28,scaled,4-3-3 (2),1,10,18,16200,False,3700,144,91,auto,91,91,exact,6.099999999860302,115,3,3
29,scaled,3-4-2-1,1,10,12,18432,False,1220,138,88,auto,88,88,exact,1.1999999999534339,192,3,3
30,scaled,4-4-2,1,10,15,81000,False,9064,139,91,auto,91,91,exact,11.199999999953434,11,1,3
31,scaled,3-1-4-2,1,10,12,10368,False,949,145,93,auto,93,93,exact,1.1999999999534339,11,1,3
32,scaled,5-3-2,0,11,14,140625,False,3121,145,90,auto,90,90,exact,3.0999999998603016,66,4,3
33,scaled,4-3-3,0,11,16,72000,False,4445,145,92,auto,92,92,exact,6.400000000139698,13,2,3
34,scaled,4-1-4-1,1,10,14,24576,False,3764,139,89,auto,89,89,exact,4.5,658,3,3
35,scaled,4-4-2,0,11,14,36864,False,1443,141,89,auto,89,89,exact,1.5,278,3,3
36,scaled,4-3-3 (2),1,10,15,20736,False,2649,142,92,auto,92,92,exact,5,1515,3,3
37,scaled,4-2-3-1,1,10,12,16200,False,428,140,92,auto,92,92,exact,0.6000000000931323,81,2,3
38,scaled,4-5-1 (2),1,10,14,37044,False,2939,141,91,auto,91,91,exact,4.7000000001862645,824,5,3
39,scaled,4-3-3 (4),1,10,12,6912,False,422,140,92,auto,92,92,exact,0.5,19,4,3
40,scaled,4-5-1 (2),1,10,15,31104,False,5058,145,94,auto,94,94,exact,6.300000000046566,2153,2,3
41,scaled,4-3-3,1,10,15,62208,False,4367,141,91,auto,91,91,exact,5.199999999953434,15,2,3
42,scaled,4-3-3 (2),1,10,15,82944,False,8465,141,93,auto,93,93,exact,11.400000000139698,11,1,3
43,scaled,4-4-2,1,10,17,139968,False,20951,143,94,auto,94,94,exact,26.800000000046566,10038,3,3
44,scaled,4-1-3-2,1,10,16,46080,False,6101,137,93,auto,93,93,exact,7.899999999906868,11,1,3
45,scaled,4-1-2-1-2,0,11,16,82944,False,3888,144,93,auto,93,93,exact,4.5,1983,5,3
46,scaled,4-4-2 (2),0,11,16,82944,False,1961,143,93,auto,93,93,exact,2,17,2,3
47,scaled,4-3-3 (4),1,10,17,76800,False,12373,142,93,auto,93,93,exact,15.800000000046566,119,3,3
48,scaled,3-4-1-2,1,10,14,129600,False,12071,140,90,auto,90,90,exact,14.800000000046566,554,3,3
49,scaled,5-4-1,1,10,12,9000,False,456,138,92,auto,92,92,exact,0.5,61,3,3
0,scaled,5-2-1-2,3,8,15,2700,False,1589,132,91,auto-jitter,92,91,above,2.1000000000931323,306,4,4
1,scaled,4-1-2-1-2 (2),3,8,18,58320,False,20605,134,95,auto-jitter,94,95,below,36.799999999813735,952,3,4
2,scaled,4-1-4-1,4,7,14,17920,False,6520,129,94,auto-jitter,95,94,above,8,146,4,4
3,scaled,4-2-3-1,3,8,16,20580,False,9785,131,92,auto-jitter,91,92,below,19.5,330,2,4
4,scaled,4-3-3 (3),2,9,14,2400,False,895,136,94,auto-jitter,96,94,above,1.5999999998603016,662,3,4
5,scaled,3-4-2-1,4,7,11,3456,False,1256,125,90,auto-jitter,89,90,below,2.3999999999068677,9,2,4
6,scaled,4-3-1-2,2,9,13,25000,False,3974,136,91,auto-jitter,93,91,above,6.5,2490,2,4
7,scaled,3-4-3,4,7,13,1728,False,744,125,92,auto-jitter,90,92,below,1.6999999999534339,8,1,4
8,scaled,4-4-1-1 (2),3,8,18,72000,False,30217,132,94,auto-jitter,97,94,above,52.200000000186265,100,2,4
9,scaled,3-4-3,4,7,19,54880,False,32295,130,94,auto-jitter,92,94,below,56.9000000001397,47,2,4
10,scaled,5-2-1-2,4,7,11,2592,False,782,126,91,auto-jitter,89,91,below,2.0999999998603016,68,2,4
11,scaled,4-1-2-1-2 (2),3,8,15,27648,False,6652,136,95,auto-jitter,94,95,below,12.199999999953434,437,5,4
12,scaled,4-4-1-1 (2),3,8,15,7056,False,1770,132,93,auto-jitter,93,93,exact,3.800000000046566,10,2,4
13,scaled,4-1-2-1-2 (2),4,7,13,19200,False,6505,126,90,auto-jitter,90,90,exact,12.100000000093132,13,3,4
14,scaled,4-4-1-1 (2),3,8,17,27000,False,10303,135,95,auto-jitter,95,95,exact,17.800000000046566,2390,3,4
15,scaled,5-3-2,4,7,12,2700,False,1118,123,89,auto-jitter,87,89,below,2.3999999999068677,354,2,4
16,scaled,4-2-2-2,4,7,14,7680,False,2921,128,94,auto-jitter,96,94,above,5.100000000093132,362,2,4
17,scaled,5-2-1-2,3,8,16,16200,False,6763,129,91,auto-jitter,92,91,above,12.099999999860302,14,2,4
18,scaled,4-3-2-1,3,8,17,63888,False,27078,131,93,auto-jitter,93,93,exact,57.5,10,2,4
19,scaled,3-4-3,4,7,14,2500,False,1330,127,92,auto-jitter,94,92,above,2.5,17,3,4
20,scaled,4-5-1 (2),4,7,13,1296,False,635,125,93,auto-jitter,93,93,exact,1.3999999999068677,8,1,4
21,scaled,4-2-2-2,4,7,15,30000,False,14392,128,93,auto-jitter,92,93,below,23.800000000046566,77,3,4
22,scaled,4-3-3,4,7,16,1440,False,981,128,93,auto-jitter,94,93,above,2.5,25,2,4
23,scaled,4-5-1,2,9,14,3600,False,1079,138,91,auto-jitter,89,91,below,2.0999999998603016,60,3,4
24,scaled,4-4-2,4,7,16,2160,False,1751,128,93,auto-jitter,96,93,above,3.800000000046566,9,2,4
25,scaled,4-4-2 (2),3,8,11,972,False,132,128,90,auto-jitter,90,90,exact,0.30000000004656613,10,2,4
26,scaled,4-4-2 (2),2,9,18,92160,False,27953,134,91,auto-jitter,94,91,above,38.9000000001397,14570,3,4
27,scaled,5-4-1,3,8,17,15552,False,5551,130,91,auto-jitter,93,91,above,10.199999999953434,10,2,4
28,scaled,4-1-3-2,3,8,15,10368,False,2038,131,94,auto-jitter,97,94,above,3,24,3,4
29,scaled,4-4-2,3,8,17,19200,False,8354,132,92,auto-jitter,91,92,below,13.300000000046566,10,2,4
30,scaled,4-5-1,2,9,14,10368,False,2276,138,92,auto-jitter,93,92,above,4.599999999860302,22,2,4
31,scaled,4-3-3 (2),2,9,15,77760,False,12112,134,90,auto-jitter,90,90,exact,23.699999999953434,771,3,4
32,scaled,4-3-3 (3),3,8,13,300,False,182,131,92,auto-jitter,93,92,above,0.5,9,1,4
33,scaled,4-1-4-1,2,9,18,381024,False,75885,138,92,auto-jitter,93,92,above,146.79999999981374,416,4,4
34,scaled,5-3-2,4,7,15,6912,False,3883,130,96,auto-jitter,99,96,above,7.600000000093132,8,1,4
35,scaled,4-2-3-1 (2),2,9,20,78750,False,36842,136,92,auto-jitter,93,92,above,53.9000000001397,4487,3,4
36,scaled,4-2-3-1,3,8,14,12096,False,3187,133,95,auto-jitter,96,95,above,7.599999999860302,9,1,4
37,scaled,4-5-1 (2),3,8,11,450,False,68,129,91,auto-jitter,93,91,above,0.10000000009313226,9,1,4
38,scaled,4-1-3-2,3,8,13,2592,False,1039,131,92,auto-jitter,90,92,below,2,300,5,4
39,scaled,4-2-3-1,3,8,18,294912,False,109961,133,92,auto-jitter,92,92,exact,181.10000000009313,12,2,4
40,scaled,4-3-3,3,8,18,131220,False,40565,137,95,auto-jitter,94,95,below,74.5999999998603,5846,5,4
41,scaled,4-3-3,4,7,11,216,False,136,124,91,auto-jitter,94,91,above,0.4000000001396984,75,2,4
42,scaled,4-2-2-2,2,9,13,14400,False,2820,134,90,auto-jitter,93,90,above,6.100000000093132,177,2,4
43,scaled,5-2-1-2,2,9,16,314928,False,33749,136,92,auto-jitter,95,92,above,70.5,814,3,4
44,scaled,4-5-1,4,7,14,15680,False,5471,129,95,auto-jitter,93,95,below,11.199999999953434,83,4,4
45,scaled,3-5-2,3,8,17,384000,False,97185,134,94,auto-jitter,97,94,above,193.80000000004657,48,3,4
46,scaled,3-5-2,2,9,19,210000,False,75372,137,91,auto-jitter,93,91,above,108.39999999990687,30757,4,4
47,scaled,4-1-3-2,3,8,13,9216,False,1418,132,92,auto-jitter,95,92,above,3.0999999998603016,76,3,4
48,scaled,4-3-2-1,3,8,13,2880,False,720,131,91,auto-jitter,89,91,below,0.8000000000465661,14,2,4
49,scaled,3-4-3,4,7,13,648,False,406,126,92,auto-jitter,93,92,above,1,9,2,4
0,scaled,4-3-2-1,3,8,12,1152,False,460,129,91,auto,91,91,exact,1,9,1,5
1,scaled,4-3-1-2,3,8,13,98784,False,16949,135,96,auto,96,96,exact,21.600000000093132,1825,3,5
2,scaled,5-2-1-2,2,9,11,60000,False,2675,132,91,auto,91,91,exact,2.800000000046566,10,1,5
3,scaled,4-4-1-1 (2),1,10,15,27648,False,3202,140,90,auto,90,90,exact,4.900000000139698,802,4,5
4,scaled,4-3-3 (2),3,8,14,57600,False,12460,133,94,auto,94,94,exact,18.200000000186265,10,2,5
5,scaled,4-3-2-1,2,9,16,121500,False,32440,138,92,auto,92,92,exact,43.10000000009313,219,3,5
6,scaled,4-2-3-1 (2),0,11,16,38400,False,2760,144,91,auto,91,91,exact,4.399999999906868,12,1,5
7,scaled,3-4-2-1,1,10,13,56250,False,1913,140,94,auto,94,94,exact,1.8000000000465661,21,2,5
8,scaled,4-3-2-1,3,8,11,4608,False,499,131,91,auto,91,91,exact,0.7000000001862645,270,2,5
9,scaled,3-5-2,3,8,13,1728,False,932,133,92,auto,92,92,exact,1.7999999998137355,49,4,5
10,scaled,4-4-1-1 (2),3,8,14,37632,False,9791,131,92,auto,92,92,exact,12.400000000139698,4949,4,5
11,scaled,4-4-1-1 (2),3,8,12,32400,False,2519,132,91,auto,91,91,exact,3.3999999999068677,9,1,5
12,scaled,3-4-2-1,0,11,14,129600,False,4328,141,90,auto,90,90,exact,4.100000000093132,59,2,5
13,scaled,4-1-4-1,0,11,15,248832,False,2461,146,90,auto,90,90,exact,2.800000000046566,215,4,5
14,scaled,4-3-3 (2),1,10,17,221184,False,35459,143,92,auto,92,92,exact,40.199999999953434,2800,2,5
15,scaled,4-3-2-1,1,10,13,20250,False,2595,138,92,auto,92,92,exact,2.7000000001862645,1605,3,5
16,scaled,4-5-1 (2),2,9,15,48600,False,10833,136,90,auto,90,90,exact,12.799999999813735,104,3,5
17,scaled,4-2-4,0,11,17,64800,False,1843,145,89,auto,89,89,exact,2.1000000000931323,1155,3,5
18,scaled,4-3-3 (4),3,8,8,432,False,41,127,88,auto,88,88,exact,0.10000000009313226,9,1,5
19,scaled,4-3-2-1,2,9,14,8192,False,1540,138,93,auto,93,93,exact,1.5999999998603016,779,2,5
20,scaled,4-2-2-2,1,10,13,55296,False,5016,138,89,auto,89,89,exact,4.699999999953434,288,2,5
21,scaled,4-1-3-2,2,9,16,27000,False,4494,136,91,auto,91,91,exact,6.399999999906868,28,3,5
22,scaled,4-2-4,0,11,15,13824,False,1746,145,92,auto,92,92,exact,2.300000000046566,72,4,5
23,scaled,4-4-1-1 (2),2,9,14,31104,False,4248,135,90,auto,90,90,exact,6.199999999953434,36,2,5
24,scaled,4-2-4,3,8,11,576,False,273,131,93,auto,93,93,exact,0.4000000001396984,10,2,5
25,scaled,4-3-3 (3),0,11,18,144000,False,11397,147,94,auto,94,94,exact,14.700000000186265,98,2,5
26,scaled,3-1-4-2,1,10,15,216000,False,17095,140,89,auto,89,89,exact,28.699999999953434,8996,4,5
27,scaled,5-4-1,3,8,14,9000,False,2920,133,94,auto,94,94,exact,6.199999999953434,566,2,5
28,scaled,5-4-1,1,10,15,73728,False,5937,140,90,auto,90,90,exact,6.800000000046566,328,2,5
29,scaled,4-3-1-2,2,9,11,1152,False,304,134,93,auto,93,93,exact,0.30000000004656613,11,2,5
30,scaled,4-1-2-1-2,3,8,11,256,False,77,130,90,auto,90,90,exact,0.19999999995343387,10,2,5
31,scaled,4-2-4,0,11,15,110592,False,6882,141,90,auto,90,90,exact,8.199999999953434,12,1,5
32,scaled,5-4-1,2,9,14,5184,False,1219,135,91,auto,91,91,exact,2.3999999999068677,10,1,5
33,scaled,4-3-3 (4),3,8,10,192,False,49,128,90,auto,90,90,exact,0.09999999986030161,16,2,5
34,scaled,3-1-4-2,2,9,13,38400,False,5376,134,92,auto,92,92,exact,7.100000000093132,28,2,5
35,scaled,4-4-1-1 (2),1,10,12,576,False,84,139,92,auto,92,92,exact,0.10000000009313226,49,3,5
36,scaled,4-1-2-1-2 (2),1,10,15,180000,False,14748,142,93,auto,93,93,exact,20,6695,3,5
37,scaled,4-4-2 (2),2,9,12,2592,False,357,137,93,auto,93,93,exact,0.39999999990686774,14,2,5
38,scaled,4-3-3 (3),2,9,14,4608,False,1154,136,93,auto,93,93,exact,1.5,488,2,5
39,scaled,4-2-3-1 (2),1,10,14,18432,False,2509,138,92,auto,92,92,exact,3.199999999953434,786,4,5
40,scaled,3-5-2,2,9,12,6272,False,593,136,93,auto,93,93,exact,1.1000000000931323,28,3,5
41,scaled,4-3-3 (3),3,8,11,1296,False,216,126,89,auto,89,89,exact,0.4000000001396984,9,1,5
42,scaled,5-4-1,2,9,14,4608,False,635,140,95,auto,95,95,exact,0.7000000001862645,55,3,5
43,scaled,4-3-3 (3),3,8,10,144,False,53,131,90,auto,90,90,exact,0,23,2,5
44,scaled,4-3-3 (3),0,11,16,48000,False,1404,144,92,auto,92,92,exact,2.3999999999068677,735,3,5
45,scaled,4-4-2 (2),3,8,13,27648,False,3620,134,94,auto,94,94,exact,6.300000000046566,842,3,5
46,scaled,5-4-1,2,9,12,13500,False,1908,132,92,auto,92,92,exact,1.8000000000465661,10,1,5
47,scaled,5-4-1,2,9,16,14112,False,2690,137,92,auto,92,92,exact,5.100000000093132,433,3,5
48,scaled,4-2-2-2,2,9,12,2592,False,330,138,93,auto,93,93,exact,0.5999999998603016,11,2,5
49,scaled,4-4-1-1 (2),2,9,14,384,False,178,133,91,auto,91,91,exact,0.20000000018626451,10,1,5
0,scaled,4-1-3-2,2,9,19,41472,False,13218,139,93,auto-jitter,92,93,below,20.199999999953434,3087,3,6
1,scaled,4-2-3-1,2,9,19,20736,False,6703,139,93,auto-jitter,92,93,below,10.299999999813735,278,4,6
2,scaled,4-3-3 (2),1,10,22,576000,False,166289,143,93,auto-jitter,93,93,exact,307.60000000009313,23161,3,6
3,scaled,4-1-2-1-2 (2),2,9,21,559872,False,156692,137,94,auto-jitter,92,94,below,236.89999999990687,4039,4,6
4,scaled,4-3-3 (3),2,9,17,56448,False,15413,140,93,auto-jitter,93,93,exact,29.399999999906868,143,3,6
5,scaled,4-1-4-1,1,10,19,373248,False,37605,141,92,auto-jitter,92,92,exact,62.700000000186265,1472,3,6
6,scaled,4-4-2,1,10,18,320000,False,48510,142,91,auto-jitter,92,91,above,80,27032,3,6
7,scaled,4-3-3 (4),2,9,26,604800,False,349708,138,95,auto-jitter,98,95,above,562.5,26,3,6
8,scaled,4-2-4,2,9,21,144000,False,54919,136,92,auto-jitter,92,92,exact,71.10000000009313,11,2,6
9,scaled,4-2-2-2,2,9,14,122880,False,13425,133,91,auto-jitter,94,91,above,14.699999999953434,618,3,6
10,scaled,4-3-3,2,9,16,51840,False,4542,137,93,auto-jitter,91,93,below,5.2999999998137355,1087,4,6
11,scaled,4-1-2-1-2,2,9,21,184320,False,80775,137,93,auto-jitter,96,93,above,113.69999999995343,3367,3,6
12,scaled,5-4-1,0,11,21,349920,False,31792,145,93,auto-jitter,93,93,exact,41.5,7592,5,6
13,scaled,4-2-4,1,10,19,700000,False,88417,143,93,auto-jitter,96,93,above,233.80000000004657,349,2,6
14,scaled,4-2-3-1,2,9,16,10368,False,2574,140,95,auto-jitter,97,95,above,5.199999999953434,1203,4,6
15,scaled,3-1-4-2,1,10,15,81000,False,2728,135,89,auto-jitter,89,89,exact,3.300000000046566,11,1,6
16,scaled,4-3-2-1,2,9,20,559872,False,159617,139,95,auto-jitter,96,95,above,348.9000000001397,28484,3,6
17,scaled,4-1-2-1-2 (2),2,9,22,172800,False,68003,136,93,auto-jitter,94,93,above,99.80000000004657,11203,4,6
18,scaled,4-2-3-1 (2),1,10,21,259200,False,52727,145,93,auto-jitter,94,93,above,78.60000000009313,1045,4,6
19,scaled,4-3-1-2,2,9,23,368640,False,158719,140,94,auto-jitter,92,94,below,233.30000000004657,79377,3,6
20,scaled,4-4-2,2,9,21,127008,False,35201,133,92,auto-jitter,91,92,below,51.0999999998603,11,2,6
21,scaled,5-3-2,2,9,19,746496,False,101590,137,94,auto-jitter,95,94,above,197,812,2,6
22,scaled,3-5-2,2,9,22,752640,False,265172,139,92,auto-jitter,91,92,below,441.60000000009313,7170,6,6
23,scaled,4-3-3,2,9,22,784000,False,308457,135,90,auto-jitter,89,90,below,422.69999999995343,69527,5,6
24,scaled,4-5-1,2,9,22,524880,False,156816,140,95,auto-jitter,98,95,above,254,20427,5,6
25,scaled,4-3-3 (4),2,9,23,735000,False,328116,140,94,auto-jitter,96,94,above,448.4000000001397,22876,4,6
26,scaled,4-2-3-1,2,9,20,233280,False,42673,139,93,auto-jitter,93,93,exact,74.10000000009313,126,2,6
27,scaled,4-1-3-2,2,9,21,176400,False,71974,135,92,auto-jitter,90,92,below,99.39999999990687,616,3,6
28,scaled,3-4-1-2,2,9,18,60480,False,13302,139,94,auto-jitter,93,94,below,28.100000000093132,33,4,6
29,scaled,4-3-3 (4),2,9,21,288000,False,98215,138,92,auto-jitter,93,92,above,210.89999999990687,5442,3,6
30,scaled,4-4-2,2,9,26,622080,False,302164,139,94,auto-jitter,96,94,above,490.89999999990687,41518,3,6
31,scaled,4-1-2-1-2 (2),2,9,17,34560,False,12966,139,93,auto-jitter,92,93,below,23.899999999906868,2774,5,6
32,scaled,4-2-2-2,2,9,20,677376,False,192147,135,92,auto-jitter,94,92,above,331.69999999995343,142,2,6
33,scaled,3-1-4-2,2,9,18,105840,False,22181,137,93,auto-jitter,96,93,above,35.300000000046566,10,1,6
34,scaled,4-2-3-1,2,9,18,64512,False,14312,138,94,auto-jitter,92,94,below,28.199999999953434,7651,4,6
35,scaled,5-4-1,2,9,20,405000,False,118095,139,94,auto-jitter,93,94,below,181.69999999995343,82,3,6
36,scaled,4-3-3 (4),2,9,23,737280,False,164118,142,96,auto-jitter,98,96,above,373,6919,3,6
37,scaled,3-4-3,2,9,17,41472,False,10588,139,93,auto-jitter,92,93,below,18.5,42,3,6
38,scaled,4-1-2-1-2,2,9,18,34560,False,6473,136,93,auto-jitter,91,93,below,9.699999999953434,3279,3,6
39,scaled,4-1-2-1-2,2,9,23,756000,False,315109,138,94,auto-jitter,96,94,above,577.6999999999534,28895,3,6
40,scaled,4-4-2 (2),2,9,19,176400,False,69830,137,94,auto-jitter,96,94,above,86.69999999995343,24408,5,6
41,scaled,4-2-3-1,1,10,13,663552,False,8785,137,91,auto-jitter,91,91,exact,10.199999999953434,903,2,6
42,scaled,5-2-1-2,2,9,17,98000,False,37927,137,93,auto-jitter,92,93,below,50.800000000046566,61,3,6
43,scaled,4-3-3 (4),2,9,21,653184,False,244560,138,92,auto-jitter,92,92,exact,499.80000000004657,168311,5,6
44,scaled,4-5-1,1,10,19,442368,False,69445,144,93,auto-jitter,92,93,below,111.10000000009313,45,2,6
45,scaled,5-4-1,2,9,17,23040,False,5590,137,92,auto-jitter,91,92,below,8.900000000139698,10,1,6
46,scaled,4-3-3 (3),2,9,21,381024,False,120589,138,91,auto-jitter,90,91,below,187.89999999990687,1421,4,6
47,scaled,4-3-3 (3),2,9,17,54880,False,8938,135,93,auto-jitter,92,93,below,22.9000000001397,10,1,6
48,scaled,4-3-3 (2),2,9,17,13824,False,4865,134,91,auto-jitter,89,91,below,6.600000000093132,3007,3,6
49,scaled,5-4-1,1,10,21,388800,False,96025,144,94,auto-jitter,97,94,above,130.5,37286,4,6
0,scaled,4-3-2-1,3,8,19,460800,False,169499,132,92,manual,99,92,above,445.9000000001397,108650,4,7
1,scaled,5-4-1,3,8,20,559872,False,205861,134,94,manual,99,94,above,446.80000000004657,102949,3,7
2,scaled,4-2-4,2,9,24,518400,False,287991,142,95,manual,99,95,above,487.5,5204,4,7
3,scaled,4-1-2-1-2 (2),4,7,17,36000,False,16234,128,95,manual,99,95,above,30,9,2,7
4,scaled,4-2-2-2,4,7,16,28800,False,13863,130,95,manual,99,95,above,27.5,2806,2,7
5,scaled,4-1-3-2,4,7,20,22500,False,17473,131,95,manual,99,95,above,33.4000000001397,9,2,7
6,scaled,4-5-1,4,7,17,8000,False,5231,128,92,manual,99,92,above,9.199999999953434,114,2,7
7,scaled,4-3-3 (3),3,8,20,51840,False,31941,134,93,manual,99,93,above,63.60000000009313,966,2,7
8,scaled,4-4-2,3,8,21,221184,False,84185,134,94,manual,99,94,above,171.60000000009313,25848,5,7
9,scaled,4-3-3 (4),3,8,21,117600,False,65715,131,93,manual,99,93,above,94.5999999998603,47,3,7
10,scaled,4-3-1-2,4,7,16,87480,False,33427,129,94,manual,99,94,above,64.5,36,3,7
11,scaled,4-3-3 (4),4,7,18,68600,False,32217,128,94,manual,99,94,above,65.0999999998603,40,3,7
12,scaled,4-3-2-1,3,8,21,529200,False,232982,136,95,manual,99,95,above,495.4000000001397,37489,4,7
13,scaled,4-4-2 (2),4,7,19,7680,False,5795,128,94,manual,99,94,above,11.600000000093132,4741,2,7
14,scaled,4-4-1-1 (2),3,8,18,279936,False,113269,134,93,manual,99,93,above,132.79999999981374,86843,5,7
15,scaled,4-3-3 (2),4,7,17,11664,False,8451,127,92,manual,99,92,above,12.899999999906868,4403,4,7
16,scaled,4-3-3,4,7,20,20736,False,15957,129,94,manual,99,94,above,30.5,2779,6,7
17,scaled,4-4-2,3,8,19,129600,False,60931,133,94,manual,99,94,above,128,20431,4,7
18,scaled,4-3-2-1,4,7,18,14400,False,10282,131,95,manual,99,95,above,17.799999999813735,11,3,7
19,scaled,4-5-1,4,7,18,76800,False,36913,130,96,manual,99,96,above,75.80000000004657,82,3,7
20,scaled,4-4-1-1 (2),3,8,22,466560,False,200638,136,94,manual,99,94,above,299,9,1,7
21,scaled,5-4-1,4,7,19,65610,False,40461,127,93,manual,99,93,above,65.79999999981374,9,2,7
22,scaled,5-3-2,3,8,19,294912,False,119545,133,95,manual,99,95,above,207.5,14164,5,7
23,scaled,4-2-4,3,8,20,324135,False,128392,133,93,manual,99,93,above,236.5,1830,3,7
24,scaled,5-3-2,3,8,19,144000,False,57459,133,94,manual,99,94,above,89.19999999995343,2373,3,7
25,scaled,4-4-2,3,8,21,423360,False,185197,135,93,manual,99,93,above,345.89999999990687,94287,4,7
26,scaled,3-4-3,3,8,22,472500,False,235120,135,95,manual,99,95,above,523.1999999999534,101579,5,7
27,scaled,4-3-3 (2),3,8,20,17280,False,10881,129,90,manual,99,90,above,21.200000000186265,7857,3,7
28,scaled,4-3-3 (3),2,9,23,220500,False,115219,139,96,manual,99,96,above,180.70000000018626,37642,4,7
29,scaled,4-1-4-1,2,9,19,405000,False,114097,137,92,manual,99,92,above,157.80000000004657,15938,3,7
30,scaled,4-3-2-1,3,8,21,403200,False,190783,136,95,manual,99,95,above,400.5,46,2,7
31,scaled,4-3-2-1,4,7,19,18816,False,13641,127,94,manual,99,94,above,28.899999999906868,982,3,7
32,scaled,3-4-2-1,4,7,18,24000,False,17839,129,95,manual,99,95,above,38.300000000046566,4469,4,7
33,scaled,4-1-2-1-2,4,7,20,12960,False,10117,128,95,manual,99,95,above,16,3629,3,7
34,scaled,4-1-3-2,2,9,22,288000,False,119365,139,95,manual,99,95,above,220.39999999990687,1514,4,7
35,scaled,3-4-2-1,4,7,17,85050,False,36073,129,93,manual,99,93,above,84.10000000009313,2526,4,7
36,scaled,3-4-2-1,3,8,19,414720,False,116059,131,92,manual,99,92,above,204.0999999998603,106,2,7
37,scaled,4-1-2-1-2 (2),3,8,21,589824,False,301941,133,92,manual,99,92,above,628.3999999999069,157688,4,7
38,scaled,3-4-3,4,7,17,5760,False,4185,131,95,manual,99,95,above,5.2000000001862645,2382,4,7
39,scaled,4-1-2-1-2 (2),4,7,16,7200,False,4013,129,94,manual,99,94,above,7.899999999906868,1025,6,7
40,scaled,4-2-3-1,3,8,20,117600,False,61683,133,94,manual,99,94,above,93.39999999990687,31064,5,7
41,scaled,4-1-2-1-2,2,9,21,311040,False,111787,138,94,manual,99,94,above,160.19999999995343,28216,3,7
42,scaled,4-2-3-1 (2),3,8,20,198450,False,88069,134,94,manual,99,94,above,168.10000000009313,10127,5,7
43,scaled,4-2-2-2,2,9,22,460800,False,168210,138,93,manual,99,93,above,248.29999999981374,4310,4,7
44,scaled,3-4-1-2,4,7,19,19440,False,14026,130,95,manual,99,95,above,27.5,1566,3,7
45,scaled,3-5-2,4,7,18,36864,False,21969,129,94,manual,99,94,above,48.800000000046566,8,1,7
46,scaled,4-5-1 (2),3,8,19,437400,False,148233,131,92,manual,99,92,above,281.10000000009313,4555,2,7
47,scaled,4-2-2-2,4,7,16,21600,False,11533,128,94,manual,99,94,above,18.5,5800,2,7
48,scaled,4-3-3 (4),4,7,18,33600,False,16707,129,95,manual,99,95,above,37.5999999998603,49,2,7
49,scaled,4-2-3-1 (2),2,9,21,583200,False,202672,136,91,manual,99,91,above,440.79999999981374,51591,3,7
0,scaled,4-2-4,2,9,14,6561,False,2084,134,91,auto,91,91,exact,5.800000000046566,11,2,8
1,scaled,4-1-2-1-2,2,9,15,58320,False,6622,133,90,auto,90,90,exact,9.699999999953434,3826,3,8
2,scaled,3-1-4-2,2,9,13,15552,False,3521,132,90,auto,90,90,exact,5.199999999953434,10,1,8
3,scaled,4-2-3-1,1,10,15,57600,False,6007,143,93,auto,93,93,exact,9.400000000139698,1588,3,8
4,scaled,4-3-3 (4),1,10,15,103680,False,13884,141,93,auto,93,93,exact,27.699999999953434,279,3,8
5,scaled,4-3-3,2,9,16,18432,False,7279,135,91,auto,91,91,exact,14.400000000139698,134,4,8
6,scaled,5-2-1-2,0,11,13,96000,False,1655,145,91,auto,91,91,exact,2,768,5,8
7,scaled,4-2-2-2,1,10,14,72900,False,4721,140,91,auto,91,91,exact,5.900000000139698,124,3,8
8,scaled,4-1-2-1-2,2,9,13,7776,False,882,134,92,auto,92,92,exact,1.8999999999068677,274,3,8
9,scaled,4-2-3-1 (2),2,9,15,12800,False,3756,137,93,auto,93,93,exact,9,555,4,8
10,scaled,4-1-4-1,1,10,14,29160,False,4600,139,91,auto,91,91,exact,5.199999999953434,54,2,8
11,scaled,4-1-2-1-2,2,9,14,21600,False,2874,138,92,auto,92,92,exact,5.600000000093132,1463,3,8
12,scaled,4-4-2,0,11,15,116640,False,3952,146,93,auto,94,94,exact,8.599999999860302,1265,4,8
13,scaled,3-4-2-1,2,9,12,25088,False,1070,134,89,auto,89,89,exact,1.3999999999068677,10,1,8
14,scaled,4-1-2-1-2,2,9,13,41472,False,2299,138,93,auto,93,93,exact,2.800000000046566,499,2,8
15,scaled,3-1-4-2,2,9,11,576,False,111,136,94,auto,94,94,exact,0.10000000009313226,11,2,8
16,scaled,3-4-3,0,11,14,116640,False,1705,145,90,auto,90,90,exact,1.6999999999534339,97,4,8
17,scaled,4-4-2 (2),2,9,15,10368,False,3163,135,91,auto,91,91,exact,5.099999999860302,10,1,8
18,scaled,4-1-2-1-2 (2),1,10,14,72000,False,4680,142,92,auto,92,92,exact,6.699999999953434,29,2,8
19,scaled,5-4-1,1,10,15,77760,False,5500,140,89,auto,89,89,exact,7.600000000093132,20,3,8
20,scaled,4-3-3 (4),2,9,15,31360,False,3112,137,92,auto,92,92,exact,4,243,3,8
21,scaled,3-5-2,2,9,15,30375,False,8085,134,91,auto,91,91,exact,9.600000000093132,185,3,8
22,scaled,3-1-4-2,2,9,15,112896,False,17345,136,90,auto,90,90,exact,25.299999999813735,731,3,8
23,scaled,4-3-3,1,10,15,31104,False,3700,140,92,auto,92,92,exact,4.5,476,2,8
24,scaled,3-5-2,1,10,15,43200,False,3584,142,93,auto,93,93,exact,3.9000000001396984,772,3,8
25,scaled,4-4-2 (2),1,10,14,7776,False,752,136,91,auto,91,91,exact,0.9000000001396984,28,2,8
26,scaled,4-4-1-1 (2),1,10,14,3072,False,559,138,88,auto,88,88,exact,1.1999999999534339,512,5,8
27,scaled,4-3-3,2,9,13,2304,False,427,137,90,auto,90,90,exact,0.7999999998137355,89,2,8
28,scaled,3-1-4-2,2,9,13,122500,False,14819,136,92,auto,92,92,exact,26.699999999953434,782,2,8
29,scaled,4-3-3 (4),1,10,12,6912,False,155,137,87,auto,87,87,exact,0.2999999998137355,16,2,8
30,scaled,4-3-1-2,1,10,14,43200,False,1601,139,91,auto,91,91,exact,2.0999999998603016,169,3,8
31,scaled,4-2-4,0,11,15,92160,False,3665,140,92,auto,92,92,exact,3.199999999953434,13,2,8
32,scaled,4-1-2-1-2,0,11,13,7056,False,235,146,94,auto,94,94,exact,0.2999999998137355,12,1,8
33,scaled,4-3-3 (4),2,9,14,64800,False,10557,139,93,auto,93,93,exact,11.799999999813735,260,2,8
34,scaled,4-4-2 (2),0,11,15,10368,False,990,147,94,auto,94,94,exact,1.1000000000931323,69,2,8
35,scaled,4-2-3-1 (2),2,9,12,324,False,96,133,91,auto,91,91,exact,0.19999999995343387,10,1,8
36,scaled,4-2-3-1,1,10,15,110592,False,6921,142,93,auto,93,93,exact,8.900000000139698,180,4,8
37,scaled,4-4-2,2,9,12,1152,False,200,135,91,auto,91,91,exact,0.4000000001396984,17,2,8
38,scaled,3-4-1-2,1,10,15,162000,False,9713,143,92,auto,92,92,exact,13.800000000046566,5084,4,8
39,scaled,4-1-2-1-2,0,11,16,124416,False,5580,144,90,auto,91,91,exact,9.800000000046566,16,3,8
40,scaled,4-1-3-2,2,9,14,7776,False,2011,133,90,auto,90,90,exact,2.5,11,2,8
41,scaled,4-2-2-2,2,9,13,12288,False,845,140,95,auto,95,95,exact,0.9000000001396984,13,2,8
42,scaled,4-4-2 (2),2,9,11,3600,False,198,133,89,auto,89,89,exact,0.19999999995343387,10,1,8
43,scaled,3-4-3,2,9,14,10368,False,1683,135,92,auto,92,92,exact,3.199999999953434,10,1,8
44,scaled,3-4-3,1,10,15,165888,False,14703,139,91,auto,91,91,exact,21.300000000046566,30,3,8
45,scaled,4-1-2-1-2,1,10,14,69120,False,6690,141,93,auto,93,93,exact,8.600000000093132,12,2,8
46,scaled,4-1-3-2,1,10,14,8100,False,605,139,93,auto,93,93,exact,0.6000000000931323,12,2,8
47,scaled,4-4-1-1 (2),2,9,11,1458,False,293,133,90,auto,90,90,exact,0.30000000004656613,17,2,8
48,scaled,4-4-2,1,10,13,9000,False,819,141,92,auto,92,92,exact,0.8999999999068677,12,2,8
49,scaled,3-4-1-2,2,9,15,16200,False,3900,134,91,auto,91,91,exact,5.599999999860302,15,2,8
0,scaled,4-3-2-1,3,8,16,24000,False,7655,132,91,auto,91,91,exact,10.699999999953434,11,2,9
1,scaled,4-1-3-2,3,8,13,864,False,252,130,92,auto,92,92,exact,0.30000000004656613,14,3,9
2,scaled,4-1-2-1-2,2,9,20,129600,False,38121,136,91,auto,91,91,exact,50.89999999990687,15,2,9
3,scaled,4-3-3 (4),2,9,18,90000,False,17708,135,93,auto,93,93,exact,26.800000000046566,4026,3,9
4,scaled,4-4-2,1,10,18,259200,False,55514,144,94,auto,94,94,exact,76.30000000004657,47,2,9
5,scaled,5-4-1,2,9,16,12288,False,1721,135,91,auto,91,91,exact,2.699999999953434,11,2,9
6,scaled,4-3-3 (4),3,8,15,5880,False,2435,134,93,auto,93,93,exact,3.1000000000931323,47,3,9
7,scaled,4-3-3,3,8,16,63000,False,14467,133,93,auto,93,93,exact,17.899999999906868,52,3,9
8,scaled,4-2-2-2,3,8,14,1728,False,647,132,94,auto,94,94,exact,1.2000000001862645,10,2,9
9,scaled,4-3-3 (4),1,10,17,41472,False,6023,141,93,auto,93,93,exact,9,13,2,9
10,scaled,4-1-3-2,3,8,13,8100,False,1968,131,93,auto,93,93,exact,2.1000000000931323,9,1,9
11,scaled,4-3-1-2,1,10,14,138240,False,7083,141,88,auto,88,88,exact,10.300000000046566,39,2,9
12,scaled,4-1-2-1-2 (2),3,8,16,64800,False,21559,132,93,auto,93,93,exact,41.699999999953434,1606,4,9
13,scaled,4-2-4,1,10,18,187500,False,46480,142,92,auto,92,92,exact,66.5,12,2,9
14,scaled,4-3-1-2,3,8,13,864,False,244,129,92,auto,92,92,exact,0.5,9,1,9
15,scaled,4-2-2-2,3,8,16,25920,False,10352,130,93,auto,93,93,exact,14.400000000139698,1051,4,9
16,scaled,3-4-1-2,3,8,17,337500,False,95418,134,94,auto,94,94,exact,164.60000000009313,9,1,9
17,scaled,4-1-2-1-2,2,9,19,69120,False,22535,136,90,auto,90,90,exact,32.800000000046566,795,3,9
18,scaled,3-4-3,3,8,13,162000,False,23778,136,95,auto,95,95,exact,33.199999999953434,5146,3,9
19,scaled,4-1-2-1-2,3,8,17,225000,False,74037,135,94,auto,94,94,exact,107.30000000004657,36915,4,9
20,scaled,4-2-4,3,8,15,6912,False,2380,128,91,auto,91,91,exact,3.5,9,1,9
21,scaled,4-2-2-2,3,8,16,187500,False,54980,134,95,auto,95,95,exact,59.9000000001397,5780,4,9
22,scaled,4-3-3 (3),2,9,16,27000,False,7668,136,90,auto,90,90,exact,11,431,3,9
23,scaled,4-4-2,2,9,17,196608,False,26343,134,90,auto,90,90,exact,34.699999999953434,5032,4,9
24,scaled,4-1-4-1,2,9,22,378000,False,168555,139,92,auto,92,92,exact,258.5,38797,5,9
25,scaled,4-3-1-2,2,9,14,21600,False,3938,136,94,auto,94,94,exact,4,1630,3,9
26,scaled,4-2-3-1 (2),2,9,14,7200,False,1037,138,93,auto,93,93,exact,2,98,4,9
27,scaled,4-3-1-2,3,8,16,104976,False,32627,135,94,auto,94,94,exact,63.5,2601,2,9
28,scaled,4-3-2-1,3,8,13,1944,False,994,130,93,auto,93,93,exact,2.199999999953434,339,4,9
29,scaled,4-3-3,2,9,17,32928,False,12511,135,92,auto,92,92,exact,18.699999999953434,4700,4,9
30,scaled,3-4-1-2,3,8,19,37044,False,18535,131,93,auto,93,93,exact,34.5999999998603,1970,3,9
31,scaled,4-3-3 (3),2,9,20,258048,False,100093,136,91,auto,91,91,exact,138.10000000009313,17255,5,9
32,scaled,4-3-3,1,10,15,25920,False,2639,141,92,auto,92,92,exact,3.699999999953434,18,3,9
33,scaled,4-3-3,3,8,17,7776,False,3777,129,91,auto,91,91,exact,6.100000000093132,1630,2,9
34,scaled,4-4-2,2,9,16,36864,False,10369,140,93,auto,93,93,exact,15.600000000093132,136,3,9
35,scaled,4-5-1 (2),3,8,16,15552,False,7520,132,94,auto,94,94,exact,9.400000000139698,1851,3,9
36,scaled,4-3-3 (2),3,8,21,12960,False,10233,133,92,auto,92,92,exact,19.300000000046566,5125,2,9
37,scaled,3-5-2,1,10,18,259200,False,34554,144,94,auto,94,94,exact,45.199999999953434,5586,3,9
38,scaled,4-1-2-1-2,1,10,18,233280,False,33824,142,93,auto,93,93,exact,45.700000000186265,155,3,9
39,scaled,4-1-2-1-2 (2),3,8,15,4608,False,2114,132,93,auto,93,93,exact,4.400000000139698,13,2,9
40,scaled,4-3-2-1,3,8,11,1200,False,207,134,94,auto,94,94,exact,0.6999999999534339,10,2,9
41,scaled,4-2-2-2,1,10,18,259200,False,34779,139,88,auto,88,88,exact,42,9393,5,9
42,scaled,4-1-2-1-2 (2),2,9,17,57624,False,13416,139,93,auto,93,93,exact,25.800000000046566,1166,2,9
43,scaled,4-2-2-2,3,8,15,5184,False,1131,130,90,auto,90,90,exact,1.5,88,2,9
44,scaled,5-4-1,3,8,14,2592,False,1026,129,88,auto,88,88,exact,1.1999999999534339,291,2,9
45,scaled,4-2-3-1,3,8,20,27000,False,18693,131,92,auto,92,92,exact,25.300000000046566,26,2,9
46,scaled,4-2-3-1 (2),1,10,15,31104,False,5048,139,93,auto,93,93,exact,4.800000000046566,2103,4,9
47,scaled,4-2-4,1,10,16,48000,False,10247,141,93,auto,93,93,exact,13.700000000186265,22,2,9
48,scaled,5-3-2,2,9,18,194400,False,43095,137,90,auto,90,90,exact,63.60000000009313,16,2,9
49,scaled,4-4-2 (2),1,10,20,63504,False,19337,138,91,auto,91,91,exact,26.800000000046566,11,1,9
0,scaled,3-4-3,1,10,13,34560,False,2588,138,90,auto,90,90,exact,6.599999999860302,177,3,10
1,scaled,4-4-2 (2),1,10,11,5184,False,131,142,91,auto,91,91,exact,0.30000000004656613,25,2,10
2,scaled,3-1-4-2,1,10,14,62208,False,8036,139,91,auto,91,91,exact,11.5,767,3,10
3,scaled,4-2-3-1 (2),1,10,13,41472,False,754,138,90,auto,90,90,exact,1.1000000000931323,11,1,10
4,scaled,4-3-3 (2),1,10,14,54000,False,3702,143,93,auto,93,93,exact,7.800000000046566,17,3,10
5,scaled,4-1-4-1,1,10,14,10368,False,1856,139,93,auto,93,93,exact,2.3999999999068677,13,2,10
6,scaled,4-4-1-1 (2),1,10,15,34560,False,3419,142,94,auto,94,94,exact,5.600000000093132,465,2,10
7,scaled,4-4-1-1 (2),0,11,15,32400,False,913,143,93,auto,93,93,exact,1.0999999998603016,719,4,10
8,scaled,4-3-3 (4),1,10,15,36864,False,4581,141,93,auto,93,93,exact,5,2618,3,10
9,scaled,5-4-1,1,10,15,57600,False,3879,143,94,auto,94,94,exact,5.400000000139698,317,4,10
10,scaled,4-3-3,0,11,14,13824,False,865,146,92,auto,92,92,exact,5.199999999953434,282,2,10
11,scaled,4-1-2-1-2,0,11,15,144000,False,3540,145,92,auto,92,92,exact,3.800000000046566,2300,3,10
12,scaled,4-2-3-1 (2),0,11,14,75600,False,874,146,94,auto,94,94,exact,1.1000000000931323,13,2,10
13,scaled,4-2-4,1,10,14,2916,False,865,136,87,auto,87,87,exact,0.6999999999534339,11,1,10
14,scaled,4-3-3 (2),1,10,14,3072,False,385,139,91,auto,91,91,exact,0.5,102,3,10
15,scaled,5-4-1,1,10,16,104976,False,16012,144,93,auto,93,93,exact,27.899999999906868,2467,5,10
16,scaled,4-3-3,1,10,13,31104,False,1011,139,90,auto,90,90,exact,1.5,329,3,10
17,scaled,4-1-4-1,1,10,13,139968,False,1577,141,93,auto,93,93,exact,1.8000000000465661,11,1,10
18,scaled,4-2-3-1 (2),0,11,18,110592,False,4828,149,94,auto,94,94,exact,9,13,2,10
19,scaled,4-3-3 (2),1,10,16,51840,False,6432,138,92,auto,92,92,exact,10.199999999953434,91,3,10
20,scaled,4-3-3 (4),1,10,16,11520,False,2551,143,93,auto,93,93,exact,3.800000000046566,1290,3,10
21,scaled,4-3-3,0,11,16,51200,False,2096,145,90,auto,90,90,exact,1.8999999999068677,15,2,10
22,scaled,4-1-3-2,0,11,14,46656,False,3100,142,91,auto,91,91,exact,2.300000000046566,12,1,10
23,scaled,4-3-3,0,11,15,27000,False,1856,147,93,auto,93,93,exact,2.4000000001396984,784,3,10
24,scaled,4-1-4-1,1,10,14,120000,False,8520,140,93,auto,93,93,exact,9.100000000093132,11,1,10
25,scaled,4-2-3-1,1,10,14,32000,False,4176,141,93,auto,93,93,exact,5.300000000046566,270,2,10
26,scaled,4-1-2-1-2,0,11,16,82944,False,1250,145,89,auto,89,89,exact,1.5999999998603016,25,3,10
27,scaled,4-1-4-1,1,10,15,65536,False,4075,140,93,auto,93,93,exact,5.400000000139698,956,4,10
28,scaled,4-4-2 (2),1,10,16,69984,False,4931,141,89,auto,89,89,exact,7,802,2,10
29,scaled,4-3-3 (4),1,10,16,69120,False,5770,140,94,auto,94,94,exact,7.100000000093132,2968,4,10
30,scaled,4-2-3-1 (2),0,11,15,3456,False,815,144,93,auto,93,93,exact,1,19,2,10
31,scaled,5-3-2,1,10,14,52488,False,4631,138,89,auto,89,89,exact,6.099999999860302,11,1,10
32,scaled,3-4-1-2,1,10,11,3888,False,336,144,94,auto,94,94,exact,0.19999999995343387,11,1,10
33,scaled,5-3-2,1,10,12,144000,False,6670,135,88,auto,88,88,exact,6.5,264,2,10
34,scaled,4-3-3 (2),1,10,13,14400,False,573,140,92,auto,92,92,exact,1.0999999998603016,11,1,10
35,scaled,4-4-2 (2),1,10,14,98304,False,11110,142,93,auto,93,93,exact,11.800000000046566,1102,2,10
36,scaled,3-5-2,1,10,14,41472,False,4731,142,94,auto,94,94,exact,6.100000000093132,177,2,10
37,scaled,3-1-4-2,1,10,13,144000,False,5555,144,94,auto,94,94,exact,6.100000000093132,2788,3,10
38,scaled,5-4-1,1,10,12,58320,False,521,136,86,auto,86,86,exact,0.5,12,2,10
39,scaled,5-4-1,1,10,12,2500,False,244,139,93,auto,93,93,exact,0.4000000001396984,14,2,10
40,scaled,3-4-3,1,10,16,116640,False,19041,142,92,auto,92,92,exact,40.39999999990687,1640,4,10
41,scaled,4-3-3 (4),1,10,17,129600,False,28125,141,91,auto,91,91,exact,57.699999999953434,815,2,10
42,scaled,4-3-3,1,10,13,5184,False,354,142,93,auto,93,93,exact,0.5,16,2,10
43,scaled,4-1-2-1-2 (2),0,11,14,72000,False,2445,142,91,auto,91,91,exact,2.800000000046566,12,1,10
44,scaled,4-3-3 (4),0,11,16,23328,False,1796,144,91,auto,91,91,exact,2.2000000001862645,252,2,10
45,scaled,4-2-4,1,10,15,90000,False,5726,143,94,auto,94,94,exact,6.699999999953434,178,3,10
46,scaled,4-3-3 (4),1,10,15,31104,False,3615,141,93,auto,93,93,exact,4.899999999906868,13,2,10
47,scaled,4-4-2 (2),1,10,16,27648,False,6779,141,94,auto,94,94,exact,8,12,2,10
48,scaled,3-5-2,1,10,12,27648,False,1287,142,93,auto,93,93,exact,1,56,2,10
49,scaled,4-3-3,1,10,14,124416,False,10316,138,90,auto,90,90,exact,13.600000000093132,431,3,10
0,scaled,5-2-1-2,4,7,14,4800,False,1677,123,90,auto-jitter,88,90,below,3,1072,3,11
1,scaled,3-1-4-2,3,8,15,48384,False,10081,132,92,auto-jitter,91,92,below,12.699999999953434,302,3,11
2,scaled,4-1-2-1-2,2,9,17,69120,False,15231,138,95,auto-jitter,95,95,exact,18.800000000046566,2567,3,11
3,scaled,3-1-4-2,4,7,11,6750,False,1661,127,93,auto-jitter,96,93,above,3.6000000000931323,57,2,11
4,scaled,5-2-1-2,4,7,11,6750,False,1913,122,90,auto-jitter,89,90,below,3.699999999953434,8,1,11
5,scaled,4-5-1 (2),3,8,18,23040,False,11507,131,94,auto-jitter,94,94,exact,17.4000000001397,9,1,11
6,scaled,4-4-1-1 (2),3,8,16,8640,False,3515,130,92,auto-jitter,91,92,below,5.800000000046566,25,2,11
7,scaled,4-2-4,3,8,15,88200,False,21746,132,93,auto-jitter,96,93,above,43.89999999990687,35,2,11
8,scaled,4-3-3 (3),4,7,10,1296,False,369,123,91,auto-jitter,93,91,above,0.5999999998603016,281,2,11
9,scaled,4-4-1-1 (2),3,8,15,155520,False,26464,135,96,auto-jitter,98,96,above,49.39999999990687,9,1,11
10,scaled,4-3-3 (4),4,7,15,4032,False,2275,124,91,auto-jitter,92,91,above,4.800000000046566,9,2,11
11,scaled,4-2-3-1,3,8,15,20736,False,7571,134,93,auto-jitter,95,93,above,10.699999999953434,311,4,11
12,scaled,3-1-4-2,3,8,16,110592,False,37797,132,92,auto-jitter,91,92,below,50.199999999953434,25,3,11
13,scaled,5-4-1,2,9,17,61440,False,12275,139,94,auto-jitter,92,94,below,17.300000000046566,848,3,11
14,scaled,4-3-2-1,2,9,20,209952,False,100918,139,95,auto-jitter,98,95,above,174.79999999981374,10547,4,11
15,scaled,3-1-4-2,4,7,13,600,False,479,124,91,auto-jitter,91,91,exact,1,9,2,11
16,scaled,3-4-1-2,3,8,16,37632,False,12507,130,91,auto-jitter,90,91,below,22,123,4,11
17,scaled,3-4-3,4,7,12,972,False,546,124,91,auto-jitter,90,91,below,1.8000000000465661,8,1,11
18,scaled,4-2-2-2,3,8,16,129600,False,36859,134,93,auto-jitter,95,93,above,69.89999999990687,583,2,11
19,scaled,4-3-3 (4),3,8,16,172800,False,43773,130,94,auto-jitter,92,94,below,70.69999999995343,9,1,11
20,scaled,4-2-4,4,7,14,8100,False,3440,128,94,auto-jitter,95,94,above,6.199999999953434,2380,4,11
21,scaled,4-2-4,2,9,17,38400,False,14362,137,92,auto-jitter,90,92,below,22.600000000093132,1976,4,11
22,scaled,5-2-1-2,3,8,15,27648,False,8405,134,94,auto-jitter,94,94,exact,13.599999999860302,10,2,11
23,scaled,5-2-1-2,4,7,14,16200,False,6411,125,91,auto-jitter,92,91,above,10.5,18,2,11
24,scaled,4-3-3 (4),3,8,17,55296,False,17428,132,93,auto-jitter,92,93,below,27,10,2,11
25,scaled,4-1-3-2,3,8,13,3888,False,969,130,91,auto-jitter,89,91,below,1.8999999999068677,74,3,11
26,scaled,4-1-3-2,4,7,14,2160,False,1112,127,92,auto-jitter,91,92,below,1.5999999998603016,40,3,11
27,scaled,4-5-1,3,8,15,55296,False,15155,136,94,auto-jitter,96,94,above,25.5999999998603,9,1,11
28,scaled,4-4-2 (2),4,7,16,10800,False,6187,127,93,auto-jitter,92,93,below,12.300000000046566,8,1,11
29,scaled,4-3-3 (4),3,8,15,540,False,329,131,91,auto-jitter,89,91,below,0.8000000000465661,28,2,11
30,scaled,4-1-2-1-2,3,8,19,24300,False,15339,131,92,auto-jitter,95,92,above,35.10000000009313,2333,3,11
31,scaled,4-3-2-1,3,8,14,110592,False,26066,133,95,auto-jitter,95,95,exact,35.5,9,1,11
32,scaled,4-2-2-2,4,7,13,2400,False,1474,129,93,auto-jitter,91,93,below,2.5,236,5,11
33,scaled,5-4-1,4,7,15,18432,False,4691,126,94,auto-jitter,95,94,above,9.599999999860302,15,2,11
34,scaled,4-1-2-1-2 (2),4,7,13,5184,False,1758,124,92,auto-jitter,92,92,exact,3.5,8,1,11
35,scaled,4-1-4-1,3,8,14,4320,False,665,133,94,auto-jitter,92,94,below,1,9,1,11
36,scaled,4-1-3-2,2,9,17,92160,False,28579,140,92,auto-jitter,93,92,above,34.89999999990687,3021,3,11
37,scaled,5-2-1-2,4,7,12,5400,False,2124,129,95,auto-jitter,98,95,above,3.6000000000931323,9,2,11
38,scaled,4-4-2,4,7,14,3200,False,1909,126,93,auto-jitter,92,93,below,3.800000000046566,15,2,11
39,scaled,4-3-3 (3),4,7,12,768,False,447,127,92,auto-jitter,91,92,below,0.8000000000465661,176,3,11
40,scaled,4-1-2-1-2 (2),3,8,18,221184,False,74514,132,92,auto-jitter,90,92,below,136.5,2025,3,11
41,scaled,4-1-4-1,2,9,17,11520,False,3235,140,96,auto-jitter,97,96,above,4.199999999953434,895,3,11
42,scaled,4-3-3 (2),2,9,17,43200,False,15778,136,92,auto-jitter,91,92,below,23.100000000093132,10904,6,11
43,scaled,4-4-2 (2),4,7,11,2700,False,814,128,94,auto-jitter,92,94,below,1.5,497,2,11
44,scaled,5-4-1,2,9,17,360000,False,48266,141,95,auto-jitter,97,95,above,125,19958,5,11
45,scaled,3-4-2-1,3,8,17,108000,False,40465,133,94,auto-jitter,95,94,above,56.200000000186265,106,3,11
46,scaled,5-3-2,4,7,17,14400,False,9040,129,95,auto-jitter,94,95,below,18.199999999953434,342,3,11
47,scaled,4-2-3-1 (2),4,7,15,21168,False,7084,128,95,auto-jitter,94,95,below,13,463,4,11
48,scaled,4-1-2-1-2,3,8,16,7776,False,4599,132,94,auto-jitter,94,94,exact,6.7999999998137355,461,2,11
49,scaled,4-3-3 (4),4,7,14,2352,False,1553,123,92,auto-jitter,92,92,exact,4.399999999906868,8,1,11
0,scaled,4-2-2-2,3,8,14,36864,False,8695,131,92,auto,92,92,exact,20.4000000001397,112,2,12
1,scaled,4-3-3 (3),0,11,14,19440,False,1323,140,92,auto,92,92,exact,1.5999999998603016,14,2,12
2,scaled,4-2-2-2,2,9,14,102400,False,15804,137,93,auto,93,93,exact,24.199999999953434,1731,2,12
3,scaled,4-3-1-2,2,9,13,49392,False,4420,132,89,auto,89,89,exact,6.100000000093132,11,2,12
4,scaled,4-1-2-1-2,2,9,13,3600,False,619,136,93,auto,93,93,exact,0.7999999998137355,414,3,12
5,scaled,4-1-4-1,3,8,15,34560,False,12315,128,90,auto,90,90,exact,21.199999999953434,346,3,12
6,scaled,3-1-4-2,1,10,13,19200,False,1207,139,91,auto,91,91,exact,1.5999999998603016,17,2,12
7,scaled,3-5-2,3,8,14,93312,False,17320,132,92,auto,92,92,exact,30.199999999953434,375,2,12
8,scaled,4-3-3 (4),3,8,13,14400,False,2794,132,92,auto,92,92,exact,5.599999999860302,2021,3,12
9,scaled,4-2-3-1,0,11,15,216000,False,1760,150,94,auto,94,94,exact,1.4000000001396984,122,3,12
10,scaled,4-2-3-1,3,8,10,1152,False,118,128,90,auto,90,90,exact,0.10000000009313226,36,3,12
11,scaled,4-1-2-1-2,2,9,15,1536,False,758,138,94,auto,94,94,exact,0.8999999999068677,12,2,12
12,scaled,4-4-2 (2),3,8,13,2592,False,1003,130,92,auto,92,92,exact,2.1000000000931323,13,2,12
13,scaled,4-5-1 (2),2,9,12,2048,False,504,135,92,auto,92,92,exact,1.6000000000931323,134,2,12
14,scaled,4-5-1,0,11,15,30720,False,1757,147,93,auto,93,93,exact,1.6000000000931323,344,3,12
15,scaled,4-1-2-1-2,2,9,15,15552,False,4652,139,94,auto,94,94,exact,6.399999999906868,2743,3,12
16,scaled,3-1-4-2,3,8,12,14400,False,2327,129,94,auto,94,94,exact,3.5,24,2,12
17,scaled,4-1-3-2,2,9,13,3072,False,595,138,92,auto,92,92,exact,0.6999999999534339,10,1,12
18,scaled,4-5-1,3,8,12,5760,False,1528,131,91,auto,91,91,exact,2.300000000046566,21,3,12
19,scaled,4-5-1 (2),3,8,12,1152,False,312,132,94,auto,94,94,exact,0.5999999998603016,19,2,12
20,scaled,4-1-3-2,2,9,13,12000,False,2108,134,90,auto,90,90,exact,2.199999999953434,584,4,12
21,scaled,4-5-1,3,8,10,108,False,31,130,90,auto,90,90,exact,0.09999999986030161,10,2,12
22,scaled,4-1-3-2,1,10,14,28800,False,795,140,90,auto,90,90,exact,1.1999999999534339,208,3,12
23,scaled,3-4-1-2,1,10,14,129600,False,8503,142,92,auto,92,92,exact,11.200000000186265,52,3,12
24,scaled,4-3-3 (3),1,10,16,10368,False,2385,142,92,auto,92,92,exact,3.0999999998603016,16,2,12
25,scaled,4-2-4,1,10,15,38400,False,3298,139,92,auto,92,92,exact,6.100000000093132,356,2,12
26,scaled,4-2-3-1 (2),2,9,15,2700,False,677,138,93,auto,93,93,exact,0.6000000000931323,146,3,12
27,scaled,4-1-4-1,3,8,11,2916,False,629,129,94,auto,94,94,exact,0.8000000000465661,9,1,12
28,scaled,4-1-2-1-2 (2),1,10,15,94080,False,5591,138,93,auto,93,93,exact,7.899999999906868,12,2,12
29,scaled,4-1-4-1,1,10,15,18432,False,1083,141,93,auto,93,93,exact,1.3999999999068677,87,2,12
30,scaled,4-5-1,2,9,14,4800,False,986,134,92,auto,92,92,exact,1.1000000000931323,21,3,12
31,scaled,4-1-4-1,1,10,15,32400,False,3382,141,93,auto,93,93,exact,4.7999999998137355,1876,3,12
32,scaled,4-3-3,2,9,14,96000,False,16099,137,93,auto,93,93,exact,31.199999999953434,10,1,12
33,scaled,3-1-4-2,2,9,13,13824,False,2351,132,90,auto,90,90,exact,2.8999999999068677,10,1,12
34,scaled,4-5-1,1,10,14,7776,False,610,138,91,auto,91,91,exact,0.6000000000931323,244,2,12
35,scaled,4-4-1-1 (2),0,11,15,207360,False,1941,147,92,auto,92,92,exact,1.8000000000465661,121,3,12
36,scaled,4-2-4,0,11,19,202500,False,8006,151,95,auto,95,95,exact,8.699999999953434,2312,3,12
37,scaled,4-5-1,1,10,15,147456,False,11989,140,92,auto,92,92,exact,11.799999999813735,764,4,12
38,scaled,4-4-2 (2),3,8,12,24576,False,3881,132,92,auto,92,92,exact,5.800000000046566,1405,2,12
39,scaled,4-5-1 (2),1,10,15,60750,False,6651,141,90,auto,90,90,exact,9,33,2,12
40,scaled,4-1-2-1-2,2,9,12,1024,False,224,134,91,auto,91,91,exact,0.19999999995343387,10,1,12
41,scaled,4-2-3-1,2,9,15,28800,False,5569,134,89,auto,89,89,exact,9.699999999953434,70,3,12
42,scaled,4-3-3 (2),1,10,13,8640,False,414,139,88,auto,88,88,exact,0.6999999999534339,12,2,12
43,scaled,4-1-2-1-2,3,8,12,1152,False,529,130,93,auto,93,93,exact,0.8000000000465661,129,2,12
44,scaled,4-2-3-1,2,9,15,187500,False,36899,140,94,auto,94,94,exact,42.5,7794,3,12
45,scaled,4-1-2-1-2 (2),1,10,14,172800,False,11784,140,91,auto,91,91,exact,15.199999999953434,144,3,12
46,scaled,4-1-3-2,1,10,13,5832,False,936,140,89,auto,89,89,exact,1.6000000000931323,547,3,12
47,scaled,3-4-3,3,8,11,648,False,272,132,93,auto,93,93,exact,0.4000000001396984,35,2,12
48,scaled,3-4-1-2,2,9,13,13500,False,2102,136,91,auto,91,91,exact,2.9000000001396984,198,3,12
49,scaled,4-2-4,1,10,15,82944,False,5278,143,93,auto,93,93,exact,8.700000000186265,638,2,12
0,complex,4-3-1-2,1,10,30,358761312,True,750002,143,95,auto,95,95,exact,1226.6000000000931,626416,7,1
1,complex,4-5-1,1,10,31,105369600,True,750002,146,94,auto,95,95,exact,1169.5,6650,4,1
2,complex,4-1-2-1-2 (2),0,11,29,376358400,True,750002,148,93,auto,93,93,exact,1196.5,426547,5,1
3,complex,4-3-3,1,10,32,99574272,True,750002,142,93,auto,93,93,exact,1090.4000000001397,12391,5,1
4,complex,4-2-2-2,1,10,30,36864000,True,750002,145,94,auto,94,94,exact,1214.5,373,3,1
5,complex,5-2-1-2,1,10,30,138240000,True,750002,144,94,auto,94,94,exact,1216.1999999999534,14845,4,1
6,complex,4-1-4-1,1,10,29,29859840,True,750002,143,93,auto,93,93,exact,1435,369,3,1
7,complex,4-2-3-1,0,11,31,1475324928,True,750002,146,93,auto,93,93,exact,1181.5,116228,5,1
8,complex,4-2-4,1,10,27,16257024,True,750002,140,93,auto,93,93,exact,1067.1999999999534,7119,6,1
9,complex,3-4-3,1,10,28,115200000,True,750002,143,94,auto,94,94,exact,1112.5999999998603,31040,5,1
10,complex,4-1-2-1-2 (2),0,11,34,2540160000,True,750002,147,94,auto,94,94,exact,1182.7999999998137,117,3,1
11,complex,4-4-2,0,11,33,1338720768,True,750002,148,95,auto,95,95,exact,1153.6999999999534,22282,6,1
12,complex,4-4-2,1,10,35,320060160,True,750002,145,96,auto,96,96,exact,1138.3999999999069,60652,6,1
13,complex,3-4-2-1,1,10,27,234881024,True,750002,145,95,auto,95,95,exact,1161.1000000000931,65,3,1
14,complex,4-3-3,1,10,31,117573120,True,750002,142,94,auto,94,94,exact,1124.2000000001863,202602,5,1
15,complex,4-4-1-1 (2),0,11,36,2529128448,True,750002,149,94,auto,95,95,exact,1217.0999999998603,521250,5,1
16,complex,4-5-1 (2),1,10,32,72253440,True,750002,145,94,auto,94,94,exact,1270.6000000000931,476567,5,1
17,complex,3-1-4-2,1,10,32,326592000,True,750002,146,95,auto,95,95,exact,1281,287,5,1
18,complex,4-3-2-1,0,11,32,1881792000,True,750002,147,95,auto,95,95,exact,1220.8999999999069,8612,4,1
19,complex,4-3-3 (2),0,11,34,1003290624,True,750002,151,95,auto,95,95,exact,1106.6000000000931,49619,4,1
20,complex,4-4-2 (2),1,10,31,36288000,True,750002,143,93,auto,93,93,exact,1288.5,114735,5,1
21,complex,5-2-1-2,0,11,28,88473600,True,750002,151,96,auto,96,96,exact,1294.4000000001397,30,4,1
22,complex,4-3-3 (4),0,11,30,288054144,True,750002,150,93,auto,93,93,exact,1653.1000000000931,312703,8,1
23,complex,5-2-1-2,0,11,34,1560674304,True,750002,150,95,auto,95,95,exact,998.3000000000466,459783,5,1
24,complex,3-4-2-1,1,10,30,714256704,True,750002,146,95,auto,95,95,exact,1290.9000000001397,35847,5,1
25,complex,4-5-1 (2),0,11,35,2275983360,True,750002,148,96,auto,96,96,exact,1227.1000000000931,17551,4,1
26,complex,4-4-1-1 (2),1,10,29,18432000,True,750002,145,94,auto,94,94,exact,1206.5,1479,3,1
27,complex,4-3-3,0,11,31,184320000,True,750002,151,94,auto,94,94,exact,1080.1999999999534,85375,5,1
28,complex,4-4-1-1 (2),0,11,31,126000000,False,276457,152,95,auto,95,95,exact,423.30000000004657,63291,3,1
29,complex,4-3-3,1,10,33,25401600,True,750002,145,93,auto,93,93,exact,1186,21778,4,1
30,complex,4-5-1 (2),1,10,32,460992000,True,750002,145,94,auto,94,94,exact,1289.6999999999534,9954,2,1
31,complex,4-2-4,1,10,33,201684000,True,750002,144,94,auto,94,94,exact,1191.8000000000466,49662,4,1
32,complex,4-4-2,1,10,28,108380160,True,750002,143,93,auto,93,93,exact,1303,552,3,1
33,complex,5-3-2,0,11,33,4279018590,True,750002,146,94,auto,94,94,exact,1181.0999999998603,1449,6,1
34,complex,4-5-1,1,10,33,243937980,True,750002,144,95,auto,95,95,exact,1116,5616,5,1
35,complex,4-3-3 (4),0,11,30,131712000,True,750002,149,95,auto,95,95,exact,1211,1293,4,1
36,complex,4-4-2,1,10,30,235224000,True,750002,144,95,auto,95,95,exact,1207.7000000001863,335597,3,1
37,complex,4-2-2-2,0,11,29,363031200,True,750002,148,93,auto,93,93,exact,1097.0999999998603,246185,6,1
38,complex,4-3-3 (2),0,11,37,3270758400,True,750002,150,94,auto,94,94,exact,983.5999999998603,77511,6,1
39,complex,4-3-1-2,0,11,38,2008745200,True,750002,150,96,auto,96,96,exact,999.3999999999069,19358,5,1
40,complex,4-3-3 (2),0,11,35,3810240000,True,750002,151,94,auto,94,94,exact,1244,85448,4,1
41,complex,4-3-2-1,1,10,24,19906560,True,750002,144,95,auto,95,95,exact,1135.6999999999534,97199,4,1
42,complex,4-1-2-1-2,0,11,32,379330560,True,750002,153,96,auto,96,96,exact,1065.1999999999534,28,4,1
43,complex,5-4-1,1,10,29,71663616,True,750002,143,94,auto,94,94,exact,1119.0999999998603,411151,7,1
44,complex,4-3-3 (2),1,10,28,15805440,True,750002,145,94,auto,94,94,exact,1088,152071,5,1
45,complex,4-3-3 (4),1,10,33,241920000,True,750002,142,94,auto,94,94,exact,1118.1999999999534,475,3,1
46,complex,5-2-1-2,1,10,33,530841600,True,750002,143,94,auto,94,94,exact,1176.8000000000466,1880,4,1
47,complex,4-3-3 (4),0,11,32,282240000,True,750002,149,95,auto,95,95,exact,1089.1000000000931,101531,6,1
48,complex,5-3-2,0,11,37,1327104000,True,750002,147,94,auto,94,94,exact,1189.1000000000931,5371,3,1
49,complex,3-4-1-2,1,10,28,43352064,True,750002,142,95,auto,95,95,exact,1243.8000000000466,16796,2,1
0,complex,4-4-1-1 (2),1,10,40,435456000,True,1500002,147,96,auto,96,96,exact,2505.899999999907,865515,6,2
1,complex,4-2-4,1,10,40,352719360,True,1500002,141,94,auto,94,94,exact,2323.1999999999534,1059153,4,2
2,complex,5-2-1-2,0,11,47,1574809600,True,1500002,151,95,auto,95,95,exact,2214.100000000093,24644,4,2
3,complex,4-2-4,0,11,40,1843968000,True,1500002,151,95,auto,95,95,exact,2492,11942,6,2
4,complex,4-1-4-1,0,11,44,3885629440,True,1500002,149,95,auto,95,95,exact,2414.8000000000466,148742,5,2
5,complex,4-5-1 (2),0,11,45,4049510400,True,1500002,148,94,auto,94,94,exact,2347.6999999999534,526,4,2
6,complex,4-1-3-2,1,10,38,1690476480,True,1500002,146,94,auto,94,94,exact,2736.0999999998603,63625,3,2
7,complex,5-4-1,1,10,42,1129430400,True,1500002,145,95,auto,95,95,exact,2415.600000000093,37405,5,2
8,complex,4-3-3,0,11,43,4024566000,True,1500002,149,95,auto,95,95,exact,2527.899999999907,239427,4,2
9,complex,4-5-1 (2),1,10,35,1020600000,True,1500002,144,94,auto,94,94,exact,2711,260203,4,2
10,complex,4-3-2-1,1,10,43,1290589440,True,1500002,145,96,auto,96,96,exact,2403.6999999999534,80818,6,2
11,complex,3-5-2,0,11,45,1070051400,True,1500002,149,95,auto,95,95,exact,2541.5999999998603,1110496,5,2
12,complex,3-5-2,1,10,40,6413460768,True,1500002,146,95,auto,95,95,exact,2404.5,162217,5,2
13,complex,4-3-3 (3),1,10,37,549669120,True,1500002,142,94,auto,94,94,exact,2422.399999999907,1413522,6,2
14,complex,4-2-4,0,11,45,2239488000,True,1500002,148,95,auto,95,95,exact,2194.1999999999534,200585,5,2
15,complex,4-4-2 (2),0,11,43,2739609600,True,1500002,150,96,auto,96,96,exact,2434.5999999998603,1344,5,2
16,complex,3-4-2-1,1,10,42,1213056000,True,1500002,146,96,auto,96,96,exact,2422,25479,6,2
17,complex,5-2-1-2,0,11,44,8992456704,True,1500002,148,94,auto,94,94,exact,2671.4000000001397,684133,6,2
18,complex,4-5-1 (2),0,11,41,7125398280,True,1500002,148,94,auto,94,94,exact,2550.600000000093,7584,6,2
19,complex,3-5-2,0,11,41,4599936000,True,1500002,148,94,auto,94,94,exact,2484,221827,4,2
20,complex,5-4-1,0,11,48,5416582500,True,1500002,147,95,auto,95,95,exact,2107.7000000001863,158278,6,2
21,complex,4-1-2-1-2 (2),0,11,47,1712430720,True,1500002,148,95,auto,95,95,exact,2441.6999999999534,1497054,3,2
22,complex,3-4-2-1,1,10,39,1231718400,True,1500002,146,96,auto,96,96,exact,2417.899999999907,13,2,2
23,complex,4-1-2-1-2,1,10,41,1270080000,True,1500002,148,96,auto,96,96,exact,2692.8000000000466,347219,3,2
24,complex,4-5-1,0,11,40,5902696800,True,1500002,150,95,auto,95,95,exact,2531.8000000000466,57,3,2
25,complex,4-1-2-1-2 (2),0,11,44,4382305200,True,1500002,151,94,auto,94,94,exact,2350.7000000001863,131552,5,2
26,complex,4-5-1 (2),1,10,44,2993760000,True,1500002,141,94,auto,94,94,exact,2458.899999999907,415099,7,2
27,complex,5-2-1-2,0,11,45,4355739360,True,1500002,149,95,auto,95,95,exact,2408,12440,7,2
28,complex,4-3-1-2,0,11,46,2777895000,True,1500002,149,94,auto,94,94,exact,2438.7000000001863,53742,7,2
29,complex,4-2-2-2,1,10,42,5029516800,True,1500002,147,96,auto,96,96,exact,2540.100000000093,1240757,4,2
30,complex,4-5-1 (2),1,10,40,3794947200,True,1500002,146,95,auto,95,95,exact,2356.1999999999534,46262,5,2
31,complex,4-1-4-1,0,11,41,4064256000,True,1500002,149,94,auto,94,94,exact,2599.5,395977,4,2
32,complex,4-1-4-1,0,11,47,6091571200,True,1500002,149,96,auto,96,96,exact,2317.3000000000466,695978,6,2
33,complex,3-4-3,1,10,38,1229437440,True,1500002,144,95,auto,95,95,exact,2575.100000000093,761480,8,2
34,complex,3-4-3,1,10,42,7517812500,True,1500002,146,96,auto,96,96,exact,2644.3000000000466,165,3,2
35,complex,4-3-1-2,1,10,38,1528450560,True,1500002,144,95,auto,95,95,exact,2526.5999999998603,76263,7,2
36,complex,4-3-3 (3),1,10,38,1168128000,True,1500002,144,95,auto,95,95,exact,2336.600000000093,16132,3,2
37,complex,4-5-1 (2),1,10,41,2480625000,True,1500002,144,95,auto,95,95,exact,2423.8000000000466,354810,4,2
38,complex,5-3-2,1,10,37,1238630400,True,1500002,146,94,auto,94,94,exact,2654.5,63472,3,2
39,complex,4-4-2,1,10,42,1658880000,True,1500002,145,96,auto,96,96,exact,2502,52562,5,2
40,complex,3-5-2,1,10,38,4877107200,True,1500002,145,95,auto,95,95,exact,2521,131452,7,2
41,complex,4-2-4,1,10,37,205752960,True,1500002,144,95,auto,95,95,exact,2380.4000000001397,3791,5,2
42,complex,4-4-1-1 (2),1,10,36,3319481088,True,1500002,143,94,auto,94,94,exact,2444.3000000000466,4255,4,2
43,complex,4-1-3-2,1,10,36,226800000,True,1500002,143,94,auto,94,94,exact,2646.5,371223,4,2
44,complex,4-4-1-1 (2),1,10,42,4257826560,True,1500002,147,96,auto,96,96,exact,2428.399999999907,1037859,5,2
45,complex,4-1-3-2,0,11,42,9504000000,True,1500002,148,95,auto,95,95,exact,2105.3000000000466,35036,3,2
46,complex,4-5-1,1,10,41,2476656000,True,1500002,147,97,auto,97,97,exact,2375.1999999999534,24,3,2
47,complex,4-2-3-1 (2),0,11,45,1185528960,True,1500002,151,95,auto,95,95,exact,2596.4000000001397,255794,6,2
48,complex,4-3-3 (3),0,11,45,1658880000,True,1500002,150,96,auto,96,96,exact,2532.399999999907,11186,6,2
49,complex,4-4-2,1,10,38,1660289400,True,1500002,146,95,auto,95,95,exact,2167.899999999907,22225,5,2
0,complex,4-3-2-1,0,11,48,17414258688,True,1500002,149,96,auto,96,96,exact,3286,6537,6,3
1,complex,4-1-4-1,0,11,51,5593386240,True,1500002,149,94,auto,95,95,exact,2664.399999999907,27698,5,3
2,complex,4-3-1-2,0,11,51,4026880000,True,1500002,151,96,auto,96,96,exact,2665.4000000001397,51844,4,3
3,complex,4-3-3 (2),0,11,53,1226649600,True,1500002,148,95,auto,95,95,exact,2120.2999999998137,611,4,3
4,complex,4-3-3 (2),0,11,46,3136320000,True,1500002,149,94,auto,94,94,exact,2371.5,379548,5,3
5,complex,3-4-2-1,0,11,51,2519424000,True,1500002,150,96,auto,96,96,exact,2203.9000000001397,1267079,6,3
6,complex,4-2-3-1,0,11,51,6490098432,True,1500002,150,96,auto,96,96,exact,2506.6999999999534,654424,7,3
7,complex,4-1-2-1-2 (2),0,11,47,2054139750,True,1500002,149,95,auto,95,95,exact,2200.6999999999534,82080,4,3
8,complex,4-3-1-2,0,11,51,10712301600,True,1500002,150,96,auto,96,96,exact,2255,232954,5,3
9,complex,4-3-2-1,0,11,47,2190240000,True,1500002,149,95,auto,95,95,exact,2563,4471,4,3
10,complex,3-4-1-2,0,11,55,16849907712,True,1500002,147,96,auto,96,96,exact,2013.1000000000931,38063,6,3
11,complex,4-3-3 (3),0,11,49,4214784000,True,1500002,148,96,auto,96,96,exact,2478,75096,5,3
12,complex,4-1-4-1,0,11,49,1250235000,True,1500002,150,95,auto,96,96,exact,2408,7802,4,3
13,complex,4-4-1-1 (2),0,11,47,2751840000,True,1500002,151,96,auto,96,96,exact,2323.5,992219,8,3
14,complex,3-4-2-1,0,11,49,9102606336,True,1500002,149,95,auto,95,95,exact,2412.6999999999534,84708,5,3
15,complex,4-4-2 (2),0,11,50,3518715200,True,1500002,150,94,auto,94,94,exact,2627.8000000000466,221714,8,3
16,complex,4-3-1-2,0,11,44,5342238720,True,1500002,150,95,auto,95,95,exact,2394.8000000000466,70,4,3
17,complex,4-1-4-1,0,11,44,5778864000,True,1500002,151,96,auto,96,96,exact,2446.1999999999534,102021,5,3
18,complex,4-3-3,0,11,55,2581818624,True,1500002,151,96,auto,96,96,exact,2559.100000000093,468481,5,3
19,complex,4-1-2-1-2,0,11,48,7285555200,True,1500002,150,95,auto,95,95,exact,2308.5,149826,6,3
20,complex,5-4-1,0,11,52,5070213954,True,1500002,151,96,auto,96,96,exact,2202.399999999907,658855,7,3
21,complex,3-1-4-2,0,11,51,3338108928,True,1500002,153,97,auto,97,97,exact,2715.4000000001397,83368,6,3
22,complex,3-1-4-2,0,11,51,2617245696,True,1500002,149,96,auto,96,96,exact,2539.7999999998137,8279,5,3
23,complex,3-5-2,0,11,48,11859469713,True,1500002,149,94,auto,94,94,exact,2475,1048538,5,3
24,complex,4-3-1-2,0,11,47,3422366640,True,1500002,149,95,auto,95,95,exact,2601.600000000093,60384,5,3
25,complex,4-3-3,0,11,54,1464942024,True,1500002,150,95,auto,95,95,exact,2691.0999999998603,17289,6,3
26,complex,4-2-3-1,0,11,54,5047854336,True,1500002,152,97,auto,97,97,exact,2633.1999999999534,430550,5,3
27,complex,5-2-1-2,0,11,53,8599633920,True,1500002,150,96,auto,96,96,exact,2653.8000000000466,12949,4,3
28,complex,5-2-1-2,0,11,49,3169474560,True,1500002,151,95,auto,95,95,exact,2068.600000000093,306976,9,3
29,complex,3-4-1-2,0,11,49,3477225024,True,1500002,151,95,auto,95,95,exact,2680,2551,4,3
30,complex,4-1-3-2,0,11,48,7315660800,True,1500002,151,94,auto,94,94,exact,2332.5999999998603,923415,7,3
31,complex,4-3-1-2,0,11,52,4115059200,True,1500002,150,95,auto,95,95,exact,2619.2000000001863,142103,5,3
32,complex,4-1-2-1-2,0,11,45,6842880000,True,1500002,147,93,auto,93,93,exact,2374.5,82,4,3
33,complex,3-4-2-1,0,11,48,5200588800,True,1500002,150,96,auto,96,96,exact,2627.1999999999534,1487128,5,3
34,complex,4-3-3 (2),0,11,53,2710422000,True,1500002,152,95,auto,95,95,exact,2474.899999999907,2362,5,3
35,complex,4-3-2-1,0,11,50,7057326528,True,1500002,150,95,auto,95,95,exact,2529.7999999998137,213854,6,3
36,complex,5-2-1-2,0,11,48,5603178240,True,1500002,150,95,auto,95,95,exact,2484.5,460586,4,3
37,complex,3-4-1-2,0,11,42,6145155072,True,1500002,149,96,auto,96,96,exact,2572.5999999998603,31987,6,3
38,complex,5-3-2,0,11,53,12937617275,True,1500002,150,95,auto,95,95,exact,2479.9000000001397,10303,3,3
39,complex,5-2-1-2,0,11,52,3439800000,True,1500002,150,94,auto,94,94,exact,2640.9000000001397,42492,6,3
40,complex,4-3-3 (4),0,11,53,2076471936,True,1500002,150,96,auto,96,96,exact,2422,1761,6,3
41,complex,4-1-2-1-2,0,11,43,6386688000,True,1500002,148,95,auto,95,95,exact,2193.5999999998603,530965,6,3
42,complex,5-4-1,0,11,51,3813494256,True,1500002,148,95,auto,95,95,exact,2527.1999999999534,21009,5,3
43,complex,4-3-3 (2),0,11,49,3803184000,True,1500002,149,95,auto,95,95,exact,2348.3000000000466,106499,5,3
44,complex,4-4-2 (2),0,11,53,1385683200,True,1500002,151,94,auto,94,94,exact,2531.5,169464,4,3
45,complex,3-4-1-2,0,11,47,2280881460,True,1500002,151,95,auto,95,95,exact,2408.100000000093,462969,6,3
46,complex,4-2-4,0,11,48,2721600000,True,1500002,149,95,auto,95,95,exact,2538.5999999998603,23904,3,3
47,complex,5-4-1,0,11,55,7620480000,True,1500002,150,95,auto,95,95,exact,2472.6999999999534,41221,4,3
48,complex,4-5-1 (2),0,11,50,3797800864,True,1500002,151,97,auto,97,97,exact,2377.4000000001397,16,2,3
49,complex,4-5-1 (2),0,11,53,3650400000,True,1500002,152,95,auto,95,95,exact,2825.399999999907,225791,5,3
0,complex,4-1-2-1-2 (2),1,10,50,1188794880,True,3000002,147,95,auto,95,95,exact,5123.199999999953,1278522,5,4
1,complex,4-3-1-2,0,11,56,15274537740,True,3000002,148,95,auto,95,95,exact,5270.300000000047,1116,5,4
2,complex,4-5-1 (2),1,10,52,4572754560,True,3000002,145,94,auto,94,94,exact,4707.40000000014,883022,6,4
3,complex,4-3-1-2,0,11,52,1034677800,True,3000002,149,96,auto,96,96,exact,4549.600000000093,50243,3,4
4,complex,4-1-2-1-2 (2),0,11,55,4564611072,True,3000002,151,95,auto,95,95,exact,4667.600000000093,32,3,4
5,complex,5-4-1,1,10,53,6098924160,True,3000002,145,96,auto,96,96,exact,4744.299999999814,204873,3,4
6,complex,3-4-2-1,1,10,47,12596266144,True,3000002,144,95,auto,95,95,exact,4749.5,5094,4,4
7,complex,4-1-4-1,1,10,49,1338070272,True,3000002,145,94,auto,94,94,exact,4859,670574,6,4
8,complex,4-2-3-1 (2),0,11,60,5489510400,True,3000002,149,96,auto,96,96,exact,5365.399999999907,334107,6,4
9,complex,4-3-3 (4),0,11,55,2551764600,True,3000002,147,94,auto,94,94,exact,4823.5,273203,9,4
10,complex,4-2-2-2,0,11,56,4064256000,True,3000002,153,96,auto,96,96,exact,5613.5,316010,7,4
11,complex,4-2-3-1 (2),0,11,55,2679075000,True,3000002,150,96,auto,96,96,exact,5074,2687213,4,4
12,complex,4-4-2,1,10,47,3704778000,True,3000002,145,95,auto,95,95,exact,4688.399999999907,968558,6,4
13,complex,4-3-3 (4),1,10,49,3538080000,True,3000002,144,94,auto,95,95,exact,5370.5,1665097,8,4
14,complex,4-5-1,1,10,49,2284339200,True,3000002,146,96,auto,96,96,exact,5157.199999999953,1347317,6,4
15,complex,4-4-2,0,11,58,2597186592,True,3000002,152,95,auto,95,95,exact,5084,4029,4,4
16,complex,5-3-2,0,11,53,15278422500,True,3000002,151,96,auto,96,96,exact,5268.199999999953,1577788,6,4
17,complex,4-5-1 (2),0,11,52,2722734000,True,3000002,146,95,auto,95,95,exact,4266.09999999986,4203,3,4
18,complex,3-5-2,0,11,53,1084079700,True,3000002,146,94,auto,94,94,exact,5043.100000000093,3358,4,4
19,complex,3-5-2,1,10,50,8004150000,True,3000002,147,96,auto,96,96,exact,5149.09999999986,64106,6,4
0,complex,4-4-1-1 (2),0,11,65,12615680000,True,3000002,151,96,auto-jitter,98,96,above,5691.699999999953,7518,5,5
1,complex,4-3-1-2,0,11,67,5689687500,True,3000002,149,95,auto-jitter,93,95,below,4115.600000000093,289937,7,5
2,complex,4-1-4-1,0,11,59,10762752000,True,3000002,148,93,auto-jitter,96,93,above,5028.800000000047,71379,3,5
3,complex,5-2-1-2,0,11,60,12421693440,True,3000002,152,97,auto-jitter,95,97,below,4356.100000000093,764218,6,5
4,complex,4-4-1-1 (2),0,11,62,1304174592,True,3000002,151,96,auto-jitter,95,96,below,4615.899999999907,370741,6,5
5,complex,4-5-1 (2),0,11,66,2689860096,True,3000002,149,96,auto-jitter,98,96,above,5235,2412183,7,5
6,complex,4-1-2-1-2,0,11,63,3951763200,True,3000002,149,96,auto-jitter,98,96,above,5341.5,309610,5,5
7,complex,4-3-1-2,0,11,68,3224862720,True,3000002,150,96,auto-jitter,96,96,exact,5032,2373404,8,5
8,complex,4-4-2 (2),0,11,62,12084428070,True,3000002,153,96,auto-jitter,98,96,above,5610,71375,5,5
9,complex,5-3-2,0,11,61,1844760540,True,3000002,152,96,auto-jitter,95,96,below,5527.5,204,6,5
10,complex,4-5-1,0,11,68,1789820928,True,3000002,148,96,auto-jitter,97,96,above,5441.59999999986,250218,5,5
11,complex,3-1-4-2,0,11,56,10979020800,True,3000002,149,96,auto-jitter,99,96,above,5234,1827219,5,5
12,complex,4-5-1,0,11,59,1125869472,True,3000002,150,95,auto-jitter,95,95,exact,4993.799999999814,40752,5,5
13,complex,4-3-3 (2),0,11,65,5611205600,True,3000002,152,96,auto-jitter,94,96,below,5558.799999999814,1092847,6,5
14,complex,3-4-2-1,0,11,55,10321920000,True,3000002,151,96,auto-jitter,97,96,above,5506,971014,6,5
15,complex,4-4-1-1 (2),0,11,67,6497501184,True,3000002,150,97,auto-jitter,98,97,above,4977.299999999814,2098733,5,5
16,complex,4-1-2-1-2 (2),0,11,56,6975914400,True,3000002,151,95,auto-jitter,93,95,below,4478,641921,6,5
17,complex,3-4-1-2,0,11,65,1150899728,True,3000002,148,95,auto-jitter,96,95,above,5331.699999999953,93,2,5
18,complex,3-4-2-1,0,11,62,1382774400,True,3000002,152,97,auto-jitter,100,97,above,5787.300000000047,2545,5,5
19,complex,5-3-2,0,11,62,17915904000,True,3000002,150,97,auto-jitter,98,97,above,4853.600000000093,696737,5,5
0,complex,4-4-2 (2),0,11,77,2271360000,True,4000002,150,96,auto,96,96,exact,6848.200000000186,134276,7,6
1,complex,5-2-1-2,0,11,73,3083246208,True,4000002,152,97,auto,98,98,exact,6850.5,72223,8,6
2,complex,3-5-2,0,11,70,3176830800,True,4000002,150,96,auto,96,96,exact,7880.399999999907,141555,6,6
3,complex,3-4-3,0,11,74,12130560000,True,4000002,151,96,auto,96,96,exact,6917.300000000047,135109,4,6
4,complex,3-5-2,0,11,65,1946880000,True,4000002,151,96,auto,96,96,exact,7046.899999999907,620207,4,6
5,complex,5-4-1,0,11,78,1093925520,True,4000002,150,96,auto,96,96,exact,6850.5,270715,5,6
6,complex,3-4-1-2,0,11,69,3006442656,True,4000002,152,97,auto,97,97,exact,7048.40000000014,3495430,5,6
7,complex,4-3-3 (2),0,11,68,1235066880,True,4000002,151,97,auto,97,97,exact,6443.300000000047,3934416,4,6
8,complex,4-3-3,0,11,72,7768780800,True,4000002,151,96,auto,96,96,exact,6767.100000000093,110280,5,6
9,complex,4-1-4-1,0,11,74,2881992960,True,4000002,151,96,auto,96,96,exact,6934.199999999953,39365,6,6
10,complex,4-3-2-1,0,11,78,6276340224,True,4000002,151,97,auto,97,97,exact,6523.90000000014,2558940,6,6
11,complex,4-2-3-1 (2),0,11,71,1796256000,True,4000002,152,97,auto,97,97,exact,6795.800000000047,201473,5,6
12,complex,3-5-2,0,11,67,1561560000,True,4000002,150,96,auto,96,96,exact,6868.5,217749,8,6
13,complex,5-3-2,0,11,71,10484255232,True,4000002,150,97,auto,97,97,exact,6861.899999999907,2427988,6,6
14,complex,4-2-3-1 (2),0,11,70,2838551040,True,4000002,148,96,auto,96,96,exact,6985.899999999907,8199,5,6
15,complex,4-3-3 (2),0,11,75,2264458560,True,4000002,152,96,auto,96,96,exact,7103.5,5569,4,6
16,complex,5-4-1,0,11,74,6358000000,True,4000002,151,96,auto,96,96,exact,6922.500000000233,466905,7,6
17,complex,4-2-3-1,0,11,70,1669264000,True,4000002,151,96,auto,96,96,exact,6834.5,13875,6,6
18,complex,4-2-3-1,0,11,67,1298304000,True,4000002,151,96,auto,96,96,exact,6996.800000000279,6307,4,6
19,complex,5-4-1,0,11,67,5364369465,True,4000002,150,96,auto,96,96,exact,7056.300000000279,1484644,6,6
